ISBN13,rating,review
9791191280630,10,인간의 삶을 망치는 요소들이 여러 가지가 있겠지만 그중에서도 제일 가는 것은 끊임없는 욕심이 아닌가 하는 생각이 든다.
9791191280630,10,"톨스토이, 이름만으로 꼭 죽기전에 만나야할 대문호의 책, 기대됩니다."
9791191280630,10,사람은 무엇으로 사는가 라는 작품을 어릴적 동화책으로 읽은 기억이 나네요..기대됩니다~!
9791191280630,8,톨스토이의 깨달음 느끼고싶네요
9791191280630,10,톨스토이 단편선이라 더 좋아요. 도전해보고싶어졌어요!!
9791191280630,10,꾸준한 베스트셀러인데에는 그 이유가 있겠지요~ 더 고급스러워진 표지로 만납니다
9791191280630,10,대문호 톨스토이의 명저를 러시아 원전으로 만나볼 수 있다니 더욱 기대됩니다!
9791191280630,10,꼭 읽어봐야  할 책으로 추천하는 도서로 내용이 너무 궁금합니다
9791191280630,10,톨스토이가 전하고 싶은 이야기가 무엇인지 몹시 궁금합니다. 그의 책을 통해 답을 찾고싶다.‘ 사람은 무엇으로 사는가‘
9791191280630,10,톨스토이의 인생에 대한 철학의 궁금증이 풀어질듯하다!!
9791191280630,10,대문호가 깨달은 삶의 진리를 다시 느껴보고자 한다.
9791191280630,10,톨스토이의 깨달음을 녹여낸 단편모음집 읽어보고 싶다
9791191280630,10,러시아 대문호 톨스토이가 생각하는 삶의 의미를 배워보고 싶어요.
9791191280630,10,인생이 힘들고 지칠 때 톨스토이가 전하는 인생 진리 러시아원전번역본으로 출간 기대됩니다.
9791191280630,10,결코 멀리 있지 않고 어렵지 않은 클래식 고전. 톨스토이가 대중에게 전하고자 했던 메세지를 공감하고 싶습니다.
9791191280630,10,톨스토이가 깨달은 삶의 교훈! 함께 음미해보고 싶습니다 ^^
9788937486067,10,"이 소설속에서 파묵, 카프카 등 그에게 영향받은 작가들이 보입니다. 어째서 파묵이 도스토예프스키를 최고의 소설가라 했는지 아직 이작품 하나 완독했을 뿐이지만 알것도 같습니다."
9788937486067,8,"이반과 스매르쟈코프는 진정 공범일까. 이반은 병을 이기고 살아날까  신을 믿는자, 의심하는 자, 믿지 않는 자, 오히려 도취되어 광기에 휘말린 자. 그들에게 신이 있을까"
9788937486067,8,"정말로 돈이 아깝지 않았다. 너무나도 방대한 분량이라 독서가 힘든 것은 인정하지만, 그것을 감안하더라도 매우 인상적이었다."
9788937486067,8,인간이 쓸 수 있는 최고의 소설
9788937486067,10,읽는 과정이 인고의 시간이지만 다 읽고나면 보람을 느껴요.인생에 대해 알아야 할 모든 게 담겨있단 말이 이해 됩니다.
9788937486067,10,다양한 내용들이 많아서 좋은 것 같습니다.
9788937486067,8,왠지 어렵고 힘들게 느껴졌던 고전. 막상 읽어보니 분량 압박은 있었으나 비교적 재미있게 술술 읽혀나갔다. 옮긴 이가 이 소설로 석사 학위를 받았다고 하니 왠지 번역에 신뢰감이 더 간다고 할까.
9788937486067,6,이번에는 완주 성공해야지.
9788937486067,8,"이야기의 전개가 자못 진지하게 재미있지만,그 심오한 묘사와 구성을 옛 문화로 표현해서 인지읽는 동안 자주 이야기속에서 빠져나온다.아직 2권 읽는중..."
9788937486067,10,고전을 다시 읽어보니 좋습니다.
9788937486067,10,130년 작품이지만 오늘날까지 삶과 죽음이라는 인생의 문제에 대한 질문의 답을 해주는 불멸의 고전을 감상해서 현실에 동력을 얻기위한 효익을 얻고자 한다.
9788937486067,10,죄와벌에 이어 도스토옙스키에게  빠지는중..
9788937486067,10,"시중에 나온 까라마조프 가운데 번역과 주석, 해설이 가장 돋보이는 작품입니다. 길지만 공들여 읽을 가치가 있는 도스토옙스키 최고의 걸작."
9788937486067,8,위시리스트에 담아만뒀던건데 이제서야 주문을하게 되네요
9788937486067,10,도스토옙스키.. ♡행복한 독서를 지금부터 시작해볼려구요 ^^!
9788937486067,10,"드리트리, 이반, 알료샤는 형제들이다. 아버지는 같으나 어머니는 다르다. 이들을 형제로 묶어주는 것은 아버지의 피지만 또 다른 자식일지도 모를 스메르쟈코프에 의해 살해된다."
9788937486067,10,죄와 벌 이후로 만나본 도스또예프스키는 나에게 큰 존재가 되었다. 특히 이반이란 흥미로운 인물은 나에게 무척이나 많은 질문을 쏟아내었다. 그가 생각하고 바라본 세상과 종교는 어떠했을까?
9788937486067,8,오호... 읽고 다시 올릴게요.
9788937486067,10,파란 박스 안에 들어있는 책 세 권!  톨스토이와 도스토예프스키 책들은 어찌나 긴지 늘 두 권 이상이다. 그럼에도 불구하고 살 수 밖에 없는 건 너무나 저렴한 가격에 굉장한 이야기를 담고 있기 때문이다. 게다가 세트 박스 안에 작고 예쁜 노트까지 덤으로 들어있다. 이토록 기분좋은 일이!!!
9788937486067,10,뭐 말이 필요있나요?
9788937486067,10,뭐랄까? 치부를 들킨 기분이다.
9788937486067,8,"인간에 대한 통찰이 돋보이는 책이다. 심리속에서 신과 인간, 죄와 구원등을 닮아내는 걸작!! 자극적인 줄거리와 그 속의 개개인의 심리상태가 재미를 더한다."
9788937486067,6,그의 최고의 걸작.
9788937486067,10,인생의 소설이다 심지어 재미있다
9788937486067,10,어느 드라마의 주인공이 꼭 읽어보라해 죽기전에 꼭 읽어보고자 시작했습니다. 다 읽고 다시 감상평 올리겠습니다. 일단 등장인물이 책머리에 잘 정리되어 헷갈릴때마다 정리합니다.
9788937486067,10,"신, 인간, 종교, 죄, 구원등 인간이 다룰 수 있는 모든 근원의 고뇌를 조율하고 해부하듯 이야기 한다."
9788937486067,10,"민음사 기획전을 통해, 좋은 책을 저렴하게 잘 구입했습니다
함께 온 노트도 마음에 들구요! 열심히 독서해야지요"
9788937486067,10,도스토옙스키의 명저 카라마조프가의 형제들 이제야 손에 들어왔네요
9788937486067,10,기회가 된다면 꼭 읽어야 할 책. 도스토예프스키의 책을 사면 돈이 아깝지 않다. 서사의 기본이 이 속에 있다. 번역도 좋고. 책장에 있으면 므흣하다.
9788958560760,10,몇번을 읽었지만 다시 잡은 톨스토이일단 읽자!!
9788958560760,6,교훈적이고 재밌었지만 너무 종교적인 느낌이 강해서 괴리감이 들었다.
9788958560760,8,읽고 있으면 마음이 선해지는 책.
9788958560760,10,아이가 톨스토이 단편집에 빠졌어요. 재미있어해요~~
9788958560760,10,"읽을 때마다 내가 갖지 못한 것들, 내가 잊고 살고 있었던 것들은 뭘까 생각하게 해준다."
9788958560760,6,"이웃의 대한 사랑을 주제로한 러시아 민담모음.

종교의 참된 순기능을 보다."
9788958560760,10,책은 깨끗한데 좀 구겨진 부분이 있습니다 ㅜㅜ
9788958560760,10,신의 대한 깊은 성찰과 인생에 대한 의미가 담겨져 있다. 읽으면서 많은 생각을 하게 한다.
9788958560760,10,제가 톨스토이의 문학작품을 좋아하는데 이 책은 읽어도 이해가 잘되도록 문장도 간결하고 재미도 있네요.
9788958560760,10,배송도 빠르고 재미있어요...
9788958560760,10,필독서
9788958560760,10,"인간에 대한 가장 아름다운 고찰, 그리고 겸허한 사랑이야기"
9788958560760,10,좋아요내용도알차네요^^
9788958560760,10,"반값에사서 만족합니다.
여러얘기가 잇어서 지루하지 않네요"
9788958560760,6,30%하는곳도 있던데..ㅠㅠ
9788937462849,10,도스토옙스키 그는 정말 천재적인악마였다그는 인간의 감추고싶어 회칠한 무덤같은 인간의 내면을 수치심느껴 볼이 빨개질때까지 벗겨낸다그는 위대하다
9788937462849,10,타사 번역본과 비교해 봤는데 가장 매끈하고 잘 읽히는 번역이었습니다. 우리말 문장을 많이 고민하신 것 같아요. 기존에 가지고 있던 타사 번역본을 팔아버리고 싶습니다. 이참에 새로 구입해 소장하려 합니다.
9788937462849,10,인물의 내면 묘사가 이토록 촘촘 했었는지 예전엔 왜 몰랐을까?? 역시나 고전은 시간차를 두고 계속된 읽기가 필요한 듯.
9788937462849,10,2권까지 완독하는 데에 1년 걸렸나... 롤리타와 마찬가지로 인간의 근원적 추악함을 밑바닥까지 보여준 작품. 최고최고 마지막 성녀서사가 거슬렸지만...
9788937462849,10,이것은 ˝작품˝이 아니다. ˝인생˝이다.작가 사후  이 현재에 이르러서도 왜 수많은 문단들이 그를 존경하는가. 그가 그토록 극찬받고 있는 결정적 이유는 과연  무엇인가? 나는 이 작품을 읽고서야 그 이유를 어렴풋이나마 알게 되었다.이제는 어째서인지 도스토예프스키 당신이 두려워지기 시작했다!
9788937462849,10,가슴뭉클하다. 역시 도스토예프스키는 여느 작가와 급이 다르다.
9788937462849,10,최고의 책정말 최고에여
9788937462849,2,"별 한 개도 아까움. 이거 정말 번역이 잘 되었다고 생각하시나요? 거의 직역을 해 놓은 것 같은데, 심지어 영어로 번역한 걸 다시 우리말로 번역한 게 아닐까 싶은 생각이 들 정도입니다. 이거 번역하신 분은 정말 반성해야 한다고 생각합니다. 앞에 몇 장만 읽어보세요. 말도 안 되는 번역입니다."
9788937462849,10,지금 2권 읽고 있는데 번역이 잘되어서 그런건지 굉장히 재밌고 몰입이 잘됩니다. 고전에 대한 편견이 사라졌습니다.
9788937462849,10,"뭐...평점을 매기는 게 무슨 의미가 있나 싶고. 고작 내용만 이해했을 뿐인데, 깨닫는 게 이렇게 많다니. 한번 더 읽고 싶은...몇 안되는 책 중 하나임."
9788937462849,8,"P.498그는 오직 느낄 따름이었다. 변증법 대신에 삶이 도래했고, 의식 속에서는 뭔가 완전히 다른 것이 생겨나야 했다.인간을 비범한 자와 그렇지 않은 자로 나누는 ‘변증법 이론’ 대신에 ‘삶’이 도래했다는."
9788937462849,10,"도스토예프스키는 줄곧 가난을 쓴다. 아니, 빈곤을 쓴다. 그는 빈곤을 응시하고, 빈곤에 몸을 담근다. 여기에 궁핍한 자를 긍휼히 여기는 인간은 있어도, 그러한 신은 없다."
9788937462849,10,번역이 정말 깔끔하네요. 워낙 간결한 문체와 빈틈 없는 구성의 죄와 벌이지만 번역이 잘 되서 더 읽기 좋았어요.
9788937462849,10,엄청나군요 왜 사람들이 대문호라 하는지 알겠습니다. 도스토예프스키를 에베레스트 산으로 비유한 분도 계시던데 이해가 됩니다. 감히 그의 작품을 평한다는 시도도 할수없습니다.
9788937462849,10,"10대 때 얇은 책 한 권으로 편집된 문고본 죄와 벌을 읽었다. 약 30여 해가 지난 지금 제대로 된 죄와 벌을 읽는다. 10대 땐 10대 때 만큼, 그리고 40 후반이 된 지금은 40 후반의 때 만큼 해석하고 감응하는 거 같다."
9788937462849,8,"사건을 하나 던져 놓고 그 범인이 밝혀지느냐 마느냐로 이 긴 분량을 끌고 나가는 게 가장 놀라웠다. 인물의 심리와 배경묘사가 뛰어나고, 사상적 갈등 또한 잘 녹아 있다. 지식인의 몰락, 사회화 속의 개인, 극빈곤과 범죄의 상관관계 등의 논의는 여전히 유효한 화두이다."
9788937462849,10,작중인물의 심리 그 깊은 갱도의 막장까지 파고들어간 도스토예프스키의 광기에 반했다. 다른 역자의 판본으로 꼭 다시 읽고싶은 작품.
9788937462849,2,진짜 참 책이고 번역이고 옛날 것들보다 못하다. 뭐 자기의 스타일이란 것이 있겠지만 김학수의 번역과 비교해서 보면 이건 꼭 '이'가 번역한 것과 다를 게 없다. 이건 그냥 한 마리의 '이'가 번역을 한 것이다.
9788937462849,10,"저자의 대표작으로 세밀한 심리묘사가 압권인 작품으로, 왠만한 심리학 책보다 더 구체적으로 인간의 심리를 정교하게 담고있어서, 인간의 어두운 측면을 알고자 하는 독자들에게 아주 좋은 책이라고 할 것입니다. 요컨대, 이 책은 인간의 악에 대한 연구서라고 할 만 합니다."
9788937462849,10,"우와~ 완벽하다.. 마치 살인을 저질러 본 사람 마냥 완벽한 심리묘사와 논리적인 사고, 거기다 재미까지 더하다니... 뭐 이런 작가가 다 있을까...... 정말 존경스러울 따름이다. 왜 도스토예프스키인지 이제서야 이해했다. (참고로 열린세상 책 번역은 너무 아니었습니다ㅠㅠ)"
9788937462849,10,"책은 두껍지만 가볍다. 게다가 가격도 저렴하고. 유명한 고전들의 내용은 다 안다고 생각하지만, 막상 제대로 읽어본 책은 별로 되지 않는다. 현대에 나온 책들을 읽기에 급급하다 보니.
이제 고전으로 돌아갈 때가 되었다."
9788937462849,10,진짜 이야기를 층층이 쌓아올리는 능력. 재미있으면서도 철학적이고 인물 성격들이 명확하고.
9788937462849,10,아주 오래전에 죄와 벌을 읽었는데 기억이 가물가물~ 다시 읽어보고 싶은 죄와 벌
9788936464073,10,"이반일리치의 죽음에는 인간이 보여줄 수 있는 가장 솔직하고 적나라한  모습을 여과없이 보여주는 작품이다.죽어가는 사람에게는 투시력이 있어서 위선을 즉시 꿰뚫어 본다는 말이 있지만,죽음은 그것마저도 초월하고 수용하여야만 비로소 마지막에 이를수 있을까."
9788936464073,10,톨스토이의 문장은 보편적인 우리의 삶. 내 삶의 본질이 무엇인가를 생각하도록 읽는 이를 이끌며영화 <존 말코비치 되기>의 시각과 청각이 동원된 영화적 체험-전혀 다른 타인이 존 말코비치가 되어 보고 느끼는 것-을 능가하는 ‘이반 일리치 되기‘를 가능케 한다
9788936464073,8,"살아낸 삶들은 결국 죽음을 만난다. 보잘 것 없든, 칭송 받든, 어떻게 살아왔든 그것은 타인에 의한 것. 중요한 것은 내가 삶에 어떤 마침표를 찍을 수 있는가가 아닐지. 결국 죽음은 혼자의 것이 되겠지만, 나의 죽음뿐 아닌 타인의 죽음 앞에서의 어떤 태도에 대해서도 생각하게 된다."
9788936464073,10,평균의 오류에 빠져 온전한 자신의 삶을 살지 못하는 우리들의 인생.
9788936464073,8,죽음은 진솔한 삶을 살고 있는가를 깨닫게 한다. 하지만 인생은 다시 살 수 없다. 중요한 건 평상시에도 죽음을 염두에 두면서 ‘나‘로 사는 것. ‘내가 지금 하는 일이 내일 죽는다고 했을 때도 하고 싶은 일인가?‘
9788936464073,8,죽음...몰까...이런 생각을 하게 하는 작품.
9788936464073,10,"박찬국선생님의 <들길의 사상가, 하이데거>란 책을 읽고서 이 책을 다시 읽게 되었습니다. 죽음을 통해서 오히려 다시 태어 날 수도 있다는 모순을 톨스토이는 이 책에서 보여줍니다. 즉,작가는 물욕과 출세욕에 찌든 사람은 죽은자요 생명이 없는 자라는 것을 이반 일리치의 삶을 통해 펼쳐보입니다."
9788936464073,10,"이걸 읽어서 다행이다, 아직늦지않았다는 생각이들었고 이강은 역자님 글읽고도 정말많이 울었습니다. 창비출판사가 철학을담아 이런걸 기획해주셨음에 감사를"
9788936464073,10,"그럭저럭 성공한 삶을 살아온 한 남자의 죽음. 그 죽음을 접하는 그의 가족, 친지, 동료들의 온갖 반응. 이반 일리치 그 자신이 죽음을 받아들이는 과정을 세밀하게 그린다. 그럼으로써 죽음과 삶을 진지하게 성찰하는 빼어난 수작."
9788936464073,10,죽음이 끝난거야
9788936464073,10,"톨스토이는 한 인간의 죽음을 밀도 있게 그려낸 이 작품으로 독자들이 삶, 죽음, 인생이라는 무거운 단어를 돌아보게 만들었다."
9788936464073,10,톨스토이가 왜 대문호인지 이 짧은 소설만 읽어도 알 수 있다. 더불어 필립로스의 에브리맨도 같이 읽어보면 좋을 듯싶다. 플롯의 순환구조와 인물의 내면갈등이 비슷하면서도 다른데 두 작품 다 훌륭하니까.
9788936464073,10,"숨어있던 보물, 그 빛이 너무도 찬란하다."
9788936464073,10,창비 팟캐스트를 듣고 구입했어요. ｀죽음을 향한 존재인 인간｀에 대해 이만큼 잘 그려낸 소설이 있을까 싶어요. 하이데거의 <존재와 시간>에서도 인용될 만큼 죽음에 대해 사유할 수 있는 책입니다. 짧은 분량이지만 강렬함은 대하소설 못지 않네요. 역시 톨스토이는 대단한 작가입니다.
9788936464073,8,심리학에서 배운 죽음의 수용 5단계의 톨스토이 판 임상 보고서. 삶에 지쳐서 죽음은 안중에도 없는 우리에게 문학은 죽음을 대비하라는 경고음을 툭툭 내보낸다. 소 귀에 경 읽기지만. 그래도 누구에게나 죽음은 공평한 것. 제 잇속만 차리는 주변 사람들도 머지 않아 제 몫의 죽음을 맞이할지니.
9788936464073,8,"죽음은 우리를 거룩한 삶으로 인도한다죽음 앞에 서게 된다면,나는 어떤 고백을 할까?"
9788936464073,10,"죽음을 눈 앞에 두고, 혹여라도 그동안 내가 잘못 살아온거면 어떡하지, 하는 생각이 든다면, 그러면 그 때는 정말 어떡하지?"
9788937460708,10,2020년 첫주에 읽은 체호프 단편선은 색다른 줄거리와 예상을 벗어난 결말로 조금 당황스러웠지만 나중에 다시 보고 싶어집니다.
9788937460708,10,레이먼드 카버를 읽고 또다시 체호프 단편선을 펼칠 수밖에 없었다.  인간 내면의 풍부함을 한가득 읽었다.
9788937460708,10,단편선이라 더 가벼운 마음으로 읽을 수 있었고 신선했다
9788937460708,8,체홉의 단편을 처음 읽었는데 단편문학의 대가답다.
9788937460708,10,작품을 보다 작가를 애정하게 되는 정말 몇 안 되는 케이스라고 하겠습니다.
9788937460708,8,"이해가 가는 단편도 있었고, 이게 뭐지? 하면서 읽은 단편도 있지만 대체로 재밌게 읽은듯하다"
9788937460708,6,좋은 소설과 시시한 소설이 섞여 있다. 체호프가 쓴 소설이라서 모두 좋은 건 아니다. 그걸 입증한 책이 바로 이 책이다.
9788937460708,10,"가식없이 웃을 수 있고, 안타까워 할 수 있고, '그렇지!'하는 공감에 너무도 자연스럽게 빠져드는 단편들. 책을 펴들자마자 단숨에 읽어내려갔다."
9788937460708,10,"베짱이, 재미있는 드라마"
9788937460708,8,"음...평소 체호프를 딱히 좋아하지는 않았지만...역시...취향의 문제일 가능성이 매우 높겠지만 관리의 죽음, 내기, 드라마 이 세편을 제외하고는 딱히 재미있지도 않았으며 몇몇 이야기들은 매우 유치하기까지..."
9788937460708,10,체호프가 베어낸 삶의 단면은 세기를 넘어서도 같은 무게를 지닌다.
9788937460708,10,단편의 대가답게 여러 단편을 통해 세상을 돌아다보게 한다. 재미있는 이야기들이다.
9788937460708,10,"읽을수록 곱씹게 되고 정말 재미있게 봤습니다. 특히 ｀드라마, 티푸스, 내기｀가 제일 기억에 남아요. 심리묘사가 소름돋게 흥미로웠어요!"
9788937460708,8,평범한 삶 속의 불가해성을 냉정하게 해부하는 솜씨로 인간이라는 존재에 대해 고찰한다.
9788937460708,10,기대하며 주문했습니다 :D
9788937460708,10,다 읽고나니 각 단편들의 제목만 봐도 무슨 이야기인지 다 떠오른다..고전치고 참 재미있다.
9788937460708,10,삶은 아이러니한 공포
9788937460708,10,단편이라 부담없이 읽기 좋아요. 왠지 허무하지만 읽으면서 한번씩 피식피식 웃었네요.
9788937460708,6,"극히 주관적이지만, <내기> 이외에는 마음에 닿지 않음"
9788937460708,10,민음사 세계문학에 반해서 차근차근 구입하여 읽고 있어요.^^
9788937460708,10,ㅋㅋㅋ 읽는내내 그의 위트에 감탄
9788937460708,10,말이필요없는작가..드디어 만나다
9788937460708,10,처음접하는 체호프.
9788937460708,8,인생이란 무얼까? 그 무게를 덜어줄 수 있는 책입니다.
9788937460708,10,"굳...
도 연속으로 읽고 있음."
9788937460708,8,"체호프를 꼭 읽어보라는 연극배우의 말씀에 선뜻 구입했는데, 그 값을 톡톡이 하네요"
9788937460708,6,너무 기대가컸었나?따가운 가시도 생각하며 읽었는데 장미보다 덜한 꽃만 있었네..
9788937460708,10,고전의 반열에 든 많은 작가들이 이미 다 예찬해서 더 말 보태기 민망한 책. 캡 좋음!
9788937460708,10,한번쯤 꼭 읽어보시길..ㅎㅎ 역시 고전.?!
9788937460708,10,매력적인 책..!! 추천입니다.
9788937460708,10,아침마다 한 편씩. 아침마다 한 번씩 비명을 지른다.
9788937460708,10,짧지만 강렬한 이야기.
9788937460708,10,"매력적인 체호프의 책이에요, 친구하고싶은 체호프!"
9791191071412,10,"러시아의 움베르토 에코, 라는 수식어가 아니더라도 재미있고 흥미진진한 작품."
9791191071412,10,개인의 삶을 통해서 바라본 역사의 위대함
9791191071412,10,표지가 반짝반짝하고 정말 예뻐요. 내용은 러시아 역사를 더 잘 알고 있으면 이해하기 쉬울 것 같네요. 중간중간 삽입된 시들도 너무 좋습니다.
9791191071412,10,고전문학이 아닌 러시아소설은 처음입니다. 기대됩니다. 표지도 정말 예쁘네요!❤
9791191071412,10,한 개인의 삶을 통해서 그려질 20세기 러시아의 모습이 흥미를 굉장히 자극하네요. 과연 어떻게 이야기가 흘러갈지 너무나도 궁금합니다. 빨리 읽어보고 싶네요!
9791191071412,10,눈뜨고 일어나보니 100년뒤라~~~제가 그 입장이라면 사랑하는 사람들은 대부분 세상을 떠나거나 나이가 많을텐데 그걸 받아들일 수 있을지 걱정부터 앞서게 되네요...그렇다면 주인공은 어떻게 이 상황을 헤쳐나갈지 무척 궁금하군요~~~얼른 읽어봐야겠습니다 ㅎㅎ
9791191071412,10,표지가 약간 그거같은데요 어릴 때 먹던 보석반지사탕... ㅋㅋ믿고보는 은행나무 해외문학이라 일단 구매~ 이번 책도 기대합니다~
9791191071412,10,"오랜만에 러시아소설 신간을 보는 것 같아요! 표지도 예쁘고, 러시아의 움베르트 에코라니 기대됩니다!"
9788937486074,6,"철길로 떨어지며 그녀가 생각한 것은 연락,  복수. 그리고 결말 ."
9788937486074,10,"1860년대에 쓰여진 책, 고전이니까 톨스토이니까 한번 읽어야겠다 하며 산지가 어연 1년... 러시아문학의 진국을 만났다. 전혀 촙스럽지 않은 문장들 (오로지 번역가의 노고에 박수를) 흡입력과 몰입력... 그때나 지금이나 남자는 남자이되 여자는 여자구나란 생각이 ^^"
9788937486074,10,왜 천재인지 알것같다. 왜 고전이 오래토록 찬사를 받는지 알것같다 전체적인 스토리와 그안에 담긴사상도 빛났지만 요즘 현대작가들이 있어보이고자 불필요하게 꾸며낸 글솜씨에 신물이 나던터라 이작품은 무엇보다읽는내내 물흐르듯 자연스럽고 완벽한 글솜씨에 감탄하며 읽느라 혼이 나갔던 작품
9788937486074,2,민음사는 국내에서 영향력으로 둘째가라면 서러울 대형 출판사임에도번역에 문제가 많은 책들이 왜이리 많은지 모르겠다.민음사 판본은 국내 작가만 읽어야 할 것 같다.
9788937486074,8,˝작품속에 녹아있는 톨스토이의 사상들˝
9788937486074,8,"지금 읽는 중입니다. 리뷰 쓰기 조금 이르지만, 그래도 메일이 온 이상 한 자 남기려고 합니다.삶, 사랑, 그리고 자신에게 충실했던 여인, 안나카레리나, 그 해답이 죽음이었는지..."
9788937486074,10,역시 톨스토이... 대작이라 불릴만 합니다.^-^
9788937486074,10,도서관에 갈때 마다 대출중이여서 뜨개책 구매하면서 같이 구매 했어요. 빠른배송 감사해요.
9788937486074,10,알쓸신잡이란 프로그램을 통해  추천을 받아 구매하게 되였습니다.
9788937486074,10,"영미권 소설의 으뜸이라는 평가를 듣고 막연하게 구입하여 보게 되었다. 읽는 과정은 오래 걸리고 이게 왜 대단한 평가를 받는지 몰랐으나, 마지막 8부를 읽고 나서야 전체의 구조가 보이고, 어떤 소설인지 알게 되었다. 작가의 능력이 천재적이라는 생각이 들 정도로."
9788937486074,8,책을 읽는 내내 미로 속에서 헤매는 기분이었다. 긴 분량과 다양한 인물들 틈에서 여러 감정을 맛보았다. 책은 다 읽었지만 여전히 헤매고 있고 출구는 찾지 못 할 거 같다.
9788937486074,10,"고전 다시 읽기중 우선읽어야 책, 번역도 좋습니다"
9788937486074,8,톨스토이의 최고작
9788937486074,10,과연 대작이라...
9788937486074,10,읽고시 가
9788937486074,10,존경스럽다. 최고 작가인듯 톨스토이
9788937486074,10,고전은 옳다.
9788937486074,10,우리말 번역도 해설도 훌륭합니다. 추천합니다.
9788937486074,10,번역이 유려하고 감각적이며 현대적이어서 책 읽는 내내 몰입이 잘 되었습니다. 책 내용도 말이 필요없는 고전중의 최고의 명작이라고 할 것입니다. 한여인의 사랑과 헤어짐을 통하여 진정한 사랑이 무엇이며 삶이 무엇인지 탁월한 예술적 필치로 그려내고 있습니다.
9788937486074,10,배송이 빨랐어요. 책도 소장가치 100%구요.
9788937486074,8,소장가치 좋아요. 박스상자에 공책도 있고 좋습니다.
9788937486074,8,영화보기 전에 책 먼저 읽고 영화보시길
9788937486074,10,흥미러운 줄거리와 세심 묘사등 톨스토이가 정말 대단한 작가란 생각을 다시 한번더 하게 해준 작품이네요. 무엇보다 백년도 훨씬 전에 쓴 소설에 등장하는 인물들의 캐릭터나 복잡한 남녀의 심리묘사가 현대소설보다 더 팍팍 공감이 되네요.
9788937486074,10,기대를 해선지  도스토예프스키보단 재미가 없었지만 나름 한번쯤은 읽어볼 만한 소설.
9788937486074,10,아는 스토리에 영화도 봤지만 소설을 읽으면서 톨스토이가 얼마나 위대한 작가인지 새삼 느꼈다 스케일 방대하고 그당시의 시대상이 너무 잘 묘사되어있어 흥미롭다 사회운동가로서의 톨스토이의 면모를 가장 잘 느낄수 있는 작품이다 그리고 무엇보다 너무 재미있다  번역도 훌륭하다
9788937486074,8,"톨스토이의 최고의 책. 흥미로운 줄거리와 당시의 사회상이 잘반영돠어 보여진다. 인간들의 관계와 그들의 내면의 모습이 잘 묘사되고, 안나와 레빈이라는 흥미로운 캐릭터들이 재미를 더한다,"
9788937486074,10,상반된 느낌을 동시에 갖는 인간 심리의 복잡성을 섬세하고 정확하게 꿰뚫는 대가의 시선을 따라 인물들의 내면을 속속들이 들여다보는 재미! 긴 이야기지만 지루함을 느낄 새가 없었다.
9788937486074,10,고전 많이 읽어 보세요. 톨스토이의 말처럼 내마음을사로잡을 수 있는 책입니다.
9788937486074,10,톨스토이의 고전중에 고전 이제야 만나게 되었네요
9788931009521,10,"시대상을 반영했다고 생각하며 읽어도 느낌이 오고, 그냥 사람 사는 일이란 생각을 하며 읽어도 깨달음을 주는 단편들입니다. 가끔씩 생각날 때 다시 꺼내 읽게 되는 책입니다."
9788931009521,10,신과 사랑에 대해 생각해 볼 수 잇께 만들어준 소설입니다. 단편들이 모두 재밌고 가독성이 좋아 금방 읽어보았네요. 톨스토이라는 러시아 문학의 거장의 책이라는 점만으로도 읽어볼 가치가 충분한 소설책이었습니다.
9788931009521,10,사랑과 선! 이 삶의 보편적 진리에 대해서 생각해 보게 되는 종교보다 더 깊은 소설이다.
9788931009521,10,<사람은 무엇으로 사는가>는 우리들이 살아가면서 알아야 할 삶의 진리를 쉽게 이해하며 깨닫게 합니다.
9788931009521,10,톨스토이 단편선으로  사람은 무엇으로 사는가? 사람에게는 얼마나 많은 땅이 필요한가? 가장 중요한 일은 무엇인가? 가장 중요한 사람은 누구인가? 가장 중요한 때는 언제인가? 등의 많은 질문으로 머릿속이 가득찹니다.
9788931009521,10,악을 악으로 받아칠 이유가 없다 사람은 사랑으로 갚아야한다
9788931009521,10,역시 고전은 고전이다. 참 좋은 책을 읽었고읽고 또 읽어도 그때마다 또 깨달음이 있을 것 같다.
9788931009521,10,‘사람은 무엇으로 살아야 하는지‘ 궁금하다면 꼭 읽어야 할 책입니다.
9788931009521,10,톨스토이의 고전문학을 읽으며 다시 한번 살아가는 의미를 되새겨 봅게 됩니다. 사람은 무엇으로 사는가
9788931009521,10,시간이 흘러 시대가 바뀌고 세대가 바뀌어도불변하지 않는 보편적인 진리를 이야기하고 있는 책이기에 모든 이들에게 아직까지도 사랑받고 있는 게 아닐까?
9788931009521,10,역시 고전의 의미를 이해할 수 있었던 작품이었습니다. 무엇보다 요즘과 같은 시대에 이 소설의 의미는 되새겨봐야할 듯 합니다!
9788931009521,10,삶의 진리에 대한 깨달음을 녹여낸 명품 단편 모음집이다.
9788931009521,8,"톨스토이의 작품은, 우화의 형식을 빌린 이야기 속에서 그 자신의 신념과 이상, 사랑과 선, 진실한 노동을 다루기에 더욱 감동이 온다."
9788931009521,6,"어렸을때 동화책으로 봤던 기억이 있어서 추억을 더듬어 다시 봤는데, 기억과는 달리 종교적 색채가 강해서 당황했다.."
9788931009521,6,짧고 명확한 이야기 속에 톨스토이가 추구했던 이상이 잘 표현되어 있다. 사랑과 정의라는 단순한 진리를 단편들을 통해서 전하고자 하는 것을 느낄 수 있다. 톨스토이의 장편보다 단편이 그의 사상을 더 명확히 전하는 게 아닐까 하는 생각도 든다.
9788932909165,10,"764쪽 마지막 줄, 765쪽 첫 줄. 아! 이런 출판사에서 이런 실수를... ㅋㅋ"
9788932909165,6,"신심리주의를 연 위대한 걸작, 의식의 흐름이 어쩌고 저쩌고하기에 되게 현대적일 줄 알았는데, 생각보다 서사가 고전적이어서 솔직히 지루했다. 이 소설도 결국 19세기 중반이라는 시대적 한계를 벗어날 순 없었구나 싶었다. 다만 도스토예프스키의 사상이나 철학의 깊이는 대단하다는 생각이 들었다."
9788932909165,8,로쟈따라 내가 미치겠어요. 근데 정작 미친인간들은 이걸 보고도 아무 느낌도 못 느끼겠죠.
9788932909165,10,몰입이 잘됨
9788932909165,6,인간의 복잡한 심리 변화에 대한 묘사가 탁월해서 두 권을 합치면 전화번호부보다 두꺼운 이 책을 시간가는줄 모르고 술술 읽게 된다.
9788932909165,10,"레인보우식스 도스토옙스키카페 나올 때 마다 생각이납니다한 친구는 도스토옙스키가 뭔지 모르던데,,, 마음이 아픕니다..."
9788932909165,8,5월이 다 가기 전에 하권 에필로그까지 읽을 수 있었습니다. 도스토예프스키가 19세기 작가라는 점을 감안하여 오늘날의 현대소설과 비교하는 우는 범하지 않겠습니다. 자수할 때까지도 자신의 잘못을 몰랐던 주인공이 수형지에서 소냐의 사랑으로 거듭나는 장면은 아름답고 감동적입니다.
9788932909165,10,어마어마하네요..인간 내면 다 꿰뚫어보는 시선을 가진 작가.
9788932909165,10,우리들에겐 항상 선과악의 선택이 있다.언제나 옳은 선택을 할수 없겠지만 선한목적은 선한 방법으로만 이룰 수 있다
9788932909165,10,최고의 좋은 번역
9788932909165,10,라스콜리니코프의 내면심리 타자의 목소리
9788932909165,10,도대체 이런 소설은 어떻게 해야 쓸 수 있는 건가.. 경외심이 생기네..
9788932909165,10,"고전은 역시 완역을 읽어야... 번역도 좋고, 지루한 감이 조금도 없는 최고의 책이다."
9788932909165,10,최고의 책. 낡지 않는 책. 무게도 가볍고 꼼꼼하게 양장으로 만들어져있다. 말을 풀어내는 번역의 급도 매우 높다. 도스또예프스끼다. 책장에 이 책이 없다면 당신은 가짜다!
9788932909165,10,작품의 명성이야 달리 무슨말을 하랴. 아들 읽으라고 사서 내가 다시 정독했다. 열린책들 세계문학 시리즈는 책도 참 예쁘고 가볍게 잘만든다.
9788932909165,8,잘받았습니다.
9788932909165,10,"도끼의 대표작, 라스꼴리니꼬프의 독특한 범죄 동기와 내적 갈등, 독특한 가치관을 엿볼 수 있었다/ 뛰어난 감정 묘사가 정말 압권이었다."
9788932909158,10,번역가한테 존경을 ..
9788932909158,10,잘 읽혀요.
9788932909158,10,"문학적 묘사의 의의는 삶을 있는 그대로 보여주는 데 있는 것이 아니라, 보지 못했던, 그리고 차마 받아들일 수도 없었던 삶의 이면을 보여주는 데에 있다. 도스토예프스키의 가장 훌륭한 작품들은 인간 인식의 지평을 몇 차원은 높은 곳으로 끌어 올렸다."
9788932909158,10,도끼 짱!
9788932909158,10,라스콜리니코프에게 변증법 대신 삶이 도래했다. 그것이 그의 구원이었다.
9788932909158,8,10년 넘게 상권 100페이지를 넘지 못했는데 e-book으로 갈아타니까 가독성이 엄청 좋아졌음. 책으로 읽을 때와는 또다른 집중력을 느낄 수 있었음. 2018. 4. 25. 상권 완독
9788932909158,10,"세상이 존재하는 한, 소냐는 영원하리라!"
9788932909158,10,죄와 벌은 인생의 책이 될 듯. 라스꼴리니꼬프에 몰입하여 읽는 동안 악몽도 여러번 꾸고. 딱 지금 나이의 나이기에 더 크게 공감. 번역 깔끔하고 잘 읽히고 좋았다. 열린책들은 다른 도프토예프스키 책들도 이 역자한테 맡겨주세요. 악령은 작가의 표현을 제대로 못 읽고 망쳐버릴 거 같아서 그만 둠
9788932909158,10,번역자한테 감사드린다. 덕분에 좋은 책을 끝까지 즐겁게 읽었습니다.
9788932909158,10,평생 단 한권만 간직할수있고 기억할수있다면이 책을 선택할것이다
9788932909158,10,최고의 좋은 번역
9788932909158,10,번역 홍대화님 상 줘야한다. 팬 됐다.
9788932909158,8,"상권을 완독한 한참 뒤 하권을 읽고 있다. 급변하는 등장인물들의 심리상태에 적응하지 못하다가, 나 또한 매순간 흔들리는 마음, 신념을 가지고 있다는 사실을 인정하기에 이르렀다. 좀 엉뚱하게도, 자신이 지혜의 알파와 오메가요, 확고불변 인생관의 소유자임을 주장하는 사람들을 불신하게 되었다."
9788932909158,10,너무나도 재미있게 순식간에 몰입해서 봤던 작품이다살아 숨쉬는 듯한 작가의 필체가 그대로 느껴지는 최고의 역작심리묘사가 예술이였다이 책 이후로 도스도예프스끼의 다른 작품들에도 푹 빠지게 되었다
9788932909158,10,내 인생의 넘버원...아직 어리디 어린 30대나이지만..라스꼴리니코프와 함께 호흡하고 감동받은 순간순간ㅜㅜ 나를 좀더 깊게 만들어준 도스토예프스키 할아버지..좀더좀더 깊어질수 있도록 몰두하리라
9788932909158,10,맛은 없지만 몸에 좋은 보약같은 책이다.  죽기전에 한 번 쯤은 읽고 죽어야 할 책이다.
9788932909158,10,내가 나에게 줄 생일선물로 택한 책. 도스또옙스끼는 천재인가ㅠㅠ 하지만 다른 도스또옙스끼 작품은 나랑 안 맞더라는 슬픈 이야기.
9788932909158,10,도대체 이런 소설은 어떻게해야 쓸 수 있는건가.. 기가 막힌다.
9788932909158,10,"저자의 대표작으로, 인간의 심리에 대한 묘사가 탁월한 작품으로, 주인공의 의식의 흐름을 쫓아가며 인간의 어두운면에 대하여 구체적으로 서술한 부분이 다른 책에서는 찾아볼 수 없는 거장의 숨결을 느낄 수 있습니다. 요컨대 이 책은 인간의 악에 대한 최고의 연구서라 할 것입니다."
9788932909158,10,"도스토예프스키의 문장은 난삽하다 싶을 정도로 거칠고, 불규칙적으로 흘러간다. 그런데, 이것이 매력이다. 이 소설을 다시금 펼치며, 나는 그동안 내가 웰메이드라 불리는 소설에 지나치게 집착하고 있었다는 사실을 깨달았다. 소설이 지향해야하는 부분은 웰메이드가 아니라 인간의 불안한 실존이다."
9788932909158,10,워낙 도스토예프스키를 좋아하지만 이 책 주인공의 심리묘사는 눈을 뗄 수 없음. 재미있었요~
9788932909158,10,"어린시절 요약본으로 읽었던 죄와 벌. 아주 재미있게 읽었었는데 요즘 도스또예프스끼에 관심이 가서 죄와벌,까라마조프,백치등등 쟁여놓고 있네요.
당연 최고겠죠?!"
9788932909158,10,"이 한권의 책 이후, 인류는 목적이 수단을 정당화 시킬 수 있는 것에 대해서 피부로 고뇌하게 되었다."
9788932909158,10,"고전이라 읽기 힘들 줄 알았는데, 전혀 예상 밖이다. 힘이 느껴지고 지루하지가 않다."
9788932909158,10,고전이라도 다 같은 고전이 아니다 도스또예프스끼는 정말이지 때를 타지 않는 자다.  반드시 읽어야 한다. 필독이다. 이 책만큼은 선택의 유무를 벗어나야 하는 작품! 번역도 좋고 주도 사려 깊게 잘 배치되어 있다
9788932909158,10,고등학교때 며~칠 걸려 죄와 벌을 읽고 도스토예프스키의 심리묘사에 감탄했던 기억이 있어 아들 주려고 샀습니다. 저도 다시 한번 읽어 보려구요. 책도 예쁘네요^^
9788932909158,10,작품의 명성이야 달리 무슨말을 하랴. 열린책들 세계문학 시리즈는 책도 참 예쁘고 가볍게 잘만든다.
9788932909158,10,소냐의 사랑은 그리스도의 그것과 닮았다. 죄와 벌은 많은 것을 이야기하지만 한 인간을 구원에 이르게 하는 사랑이야말로 도스토예프스키가 궁극적으로 말하고 싶었던 것 아닐까.
9788932909158,10,열린책들 번역본을 믿기에/
9788932909158,10,문학을 읽고자 한다면 반드시 넘어야 할 큰 산.
9788932909158,10,그저경탄할수밖에... 징글징글한 심리묘사가 돋보인다. 압도적인 묵직함과 러시아 특유의 공허함(눅눅함?)이 동시에 느껴진다. 걸작!
9788932909158,10,고전이란 말은 아무 작품에나 붙이는 게 아니라는 것을 보여준다.
9788932909158,10,옛날세로로읽던때보다/가로로읽으니편했다.전율은영원하다
9788932909158,10,역시 도스토예프스키!
9788932909158,10,유로지비의 현실적실현을 고민하게 만드는 책.이념은 사적인 것.결과는알수없는것
9788954675642,10,"일차적으로는 ‘소비에트‘를 살아낸 억척어멈들 이야기지만 모-녀, 모-자, 부-부, 조-손 사이 등 인간이 맺고 살아가는 관계의 바닥을 묘사하는 작가의 글쓰기 방식이 아주 흥미롭다. 번역도 최고! 너무 잘 읽힌다!"
9788954675642,10,가난하고 고독하고 지독한 절망에 시달리는 러시아 여성들의 삶을 담담히 그리고 있는데 감탄이 나올 만큼 잘 썼다. 이 참담한 이야기 속에서도 언뜻언뜻 보이는 역설적인 유머도 빛난다. 러시아는 대체 어떤 나라이기에 이런 빼어난 작가들이 이토록 많은 걸까?  빅토리아 토카레바 만큼이나 좋다!!!
9788954675642,10,번역해주셔서 감사합니다.
9788937437892,10,"이전의 번역본들보다 좀 더 매끄럽게 읽힌다. 당시의 시대 배경과 러시아어, 러시아 문화에 대한 설명도 각주로 자세히 설명하고 작가의 말도 함께 실어 놓아 작품을 이해하는 데 도움이 많이 됐다."
9788937437892,8,1부터 오타가 너무 많네요. 긴장해서 읽어야 하는 부분에 글자 한 둘씩 오타가 보여 흐름이 끊겨요. 검수를 제대로 안 하신 모양입니다.
9788937460135,10,끝까지 읽으면 비스킷이 소중해 보여요
9788937460135,10,"3,653일 중 옴팍 하루를, 그것도 운이 좋았던 슈호프의 단 하루를 들여다보는 일인데도, 그건 내가 사는 삶과는 아주 동떨어져 있는데도, 무척 지난했고 동시에 무척 마음 아팠다."
9788937460135,8,소련 소설을 첨 읽어보는데 일단 이름이 어색해서 순간 헷갈림 ^^; 아 번역이 좀 매끄럽지 않아서 좀 거슬렸다.
9788937460135,10,스딸린의 수용소체험이야기 한국도 스딸린 못지않는 사이비교주가 있다
9788937460135,10,솔제니친 책 좀 새롭게 내어주세요. 세트도요.
9788937460135,10,모든 군필자라면 어쩌면 공감 할 수 있는
9788937460135,4,쉼표가 너무 많다. 일본어 중역이 아닌가 의심이 들 정도로 쉼표가 많다. 찬찬히 한 번 봐바라. 쉼표가 너무 많다. 너무 많다. 편집자는 뭘 했나?
9788937460135,10,"이반 데니소비치에 내 이름을, 수용소에 군대를 넣어도 책의 내용과 별로 다르지 않은 나의 삶."
9788937460135,8,민음사는 왜 멀쩡한 제목에 굳이 수용소라는 단어를 넣었나
9788937460135,6,추천에 이끌려 읽은 책. 이 책을 조금 더 빨리 읽었다면 얼마나 좋을까.
9788937460135,10,군대에서 읽으면 재미가 배가 됩니다. 본인 또한 그랬습니다.
9788937460135,10,"이 길지 않은 소설 한 편에 스탈린 시대 소련 사회의 모든 것이 축약되어 있다. 이것은 단순한 ｀수용소 문학｀이 아니다. -청춘의 독서,유시민,p192"
9788937460135,10,"거대한 감옥 속, 지독한 하루."
9788937460135,8,"담담한 어투로 그려낸 수용소의 어느 하루. 강추위와 고된 노역, 기본적인 의식주마저 해결되지 않는 환경에서 다양한 인물 군상을 묘사하고 있다. 나의 어떤 운사나운 날보다 슈호프의 운 좋은 날이 몇 갑절은 더 끔찍하다."
9788937460135,8,"읽으면 추위와 배고픔이 몰려온다. 나를 수용소에게 가둬두게 한 듯한 적막함이 느껴지고, 별 볼일 없는 하루하루 속에 적셔진 슬픔은 아무 기색 없이 가만히 그 얼음장 같은 곳 위에 드리워져 있다."
9788937460135,10,"단 하루의 이야기로 수용소 생활의 처절함과 애환을 모두 알수있게 하는솔제니친의 문장이 빛을 발하는 수작이라고 생각합니다.체제적 문제를 떠나서, 인간의 적응력과 고단한 처우에 지지 않고 삶을이어나가는 인간들의 모습 자체에 감동하였다."
9788937460135,10,유시민 님 책속에 언급되어 있어 구입했네요. 묘사가 탁월한 책
9788937460135,8,"아빠가 추천해주셔서 읽고싶었는데 배송도 
빨리오고 좋네요"
9788937460135,10,너무너무너무 재미있게 읽은 책. 내 선입견과는 달랐음.
9788937460135,10,"이반 데니소비치의 일상은 우리와 별로 다르지 않습니다. 단지 차이가 있다면 좀 더 춥고, 좀 더 배고프고, 좀 더 잠자리가 불편하고, 덜 자유롭다는 것입니다. 마음 먹기에 따라 천당과 지옥은 동시에 존재합니다."
9788937460135,10,우리나라의 평범한 가장인 직장인들의 모습이 오버렙이되는건 뭘까? 이반 데니소비치는 적당히 눈치볼줄알고 적당한 양심을 가지고 있으며 적당히 일할줄 안다. 마지막 취침 점호때 본인의 배가 부름에 만족하는 그.
9788937460135,8,청춘때 2틀정도를 굶어본적이 있습니다. 그때 기분이 어렴풋이 기억납니다 - 인간성이니...뭐니. 그런건 제쳐두고.... 거의. //
9788937460135,10,지인의 생일에 선물하는 책들 중 하나. 최고.
9788937460135,10,1970년 노벨문학상 수상작~수용소에서의 하루를 리얼하게 묘사함으로 독재체제를 고발하며 인간의 존엄과 노동의 아름다움을 증거한다.
9788937460135,8,추운 겨울에 읽으니 더 재밌다. 하루 하루를 힘겹게 ｀개｀처럼 살아가는 모습들을 적나라하게 보여주는 책
9788937460135,10,"이 책 읽다보면, 나는 행복한 사람이구나 하고 돌아보게 됨"
9788937460135,10,체험 삶의 현장
9788937460135,10,˝살아간다˝는 것과 ˝노동˝이란 참 질기고도 잔인한 단어입니다... 그래도 인간이기에 오늘 하루를 살아내며 그 속에서 자신만의 의미를 찾아봅니다. 본인의 삶의 가치를 확인할 수 있기를 바라면서요...
9788937460135,10,아...인간 내면의 심리를 어찌그리 잘 표현했던가. 수용소에서의 일상을 마치 눈으로 보는듯. 그리고 중간중간 살벌한 상황에서도 웃을 수 밖에 없는 작가의 위트에 감탄하기도.
9788937460135,10,손에 꼽을만한 고전 중 하나
9788937460135,10,벼르고 벼르고 벼르다 읽은 책
9788937460135,10,러시아 문학에 많이 나오는 시베리아 유형이 어떤 것인지 알 수있게 해준 작품.
9788937460135,10,"혹독함, 처절함, 그렇지만 일상. 수용소에서 빵 한 조각은 그 자체로 절대적이다."
9788937460135,10,사실적이고 생동감있는 문장.그래서 오자가 눈에 거슬려도 아주 잘 읽혀진다
9788937460135,8,군대를 갔다온 남자라면 소름끼칠정도의 데자뷰를 느끼게하는 책...
9788937460135,8,그대 외로운가 혹은 답답한 세상에서 벗어나고 싶은가.. 이 책이 바로 돌파구다
9788937460135,8,"반복을 통해 평범치 않은 하루를 일상화시킨 놀라움
인간의 환경 적응 능력.."
9788937460135,10,"이반이 불쌍했고
수용소의 생활이 잘 그려져있다"
9788937460135,10,"사는게 지겨운 당신에게 일상의 축복을 알게 해주는 책~!
강추!!!"
9788932912387,10,"나는 ˝일반적인 인간이 아니었고, 항상 다른 모든 존재들과 구분되는 특별한, 아주 특별한 존재였다˝ (p.78) 모든 인간은 언젠가 죽는다, 그런데 ‘나는 아니겠지, 나라도 ‘지금은‘ 아니겠지. 하이데거의 <존재와 시간>을 읽기위한 워밍업!"
9788954671781,10,고전을 읽는데  철학이 따라온다.
9788952760074,10,기대됩니다. 아직 읽을 작품이 많이 남아있다는 사실에 무한한 감사를.
9788952760074,10,안톤 체홉 작품을 꼭 읽어보고 싶어서 전집으로 샀는데 디자인도 깔끔하고 작품들은 말할 것도 없습니다. 좋아요!!
9788952760074,4,이거 번역이 왜 이래요
9788952760074,10,안톤 체호프의 탄생 150주년이라니...꼭 읽어봐야하는 작품! 강추!
9788952760074,10,책장을 덮을 때쯤엔 이미 울고 있을 것.
9791190234054,10,"흥미 위주의 가벼운 문장도 아니고 대단한 사건이 벌어지는 것도 아닌데, 이 소설집에 등장하는 여성들의 삶을 찬찬히 따라가다 보니 어느새 책이 끝나 있었다. 등장하는 여자들이 마냥 불쌍하고 착하지 않아서 더 현실적. 수록된 모든 소설이 다 좋았지만, 꼭 하나만 꼽으라면 [이유]가 가장 좋았다."
9791190234054,10,"첫번째 소설도 너무 좋았는 데, 두번째 중편을 읽으면서는 너무좋아서 심장이 저릿저릿 했다. 난 이 여자들을 사랑해!"
9791190234054,10,"러시아에는 확실히 소설 천재들이 많이 태어나는가. 여성에 대해서도 삶에 대해서도 그리고 여성의 삶에 대해서도 허투루 써진 구절들이 없다. 찰나의 순간이든 전 생애를 다루든 찬란하고도 보잘것 없는 모든 순간을 녹여낸 책. 무너지지 말고 앞으로 가자고, 꺾이지 말자고 꾸욱 눌러 쓴 것 같다."
9791190234054,10,"내가 이 작가를 왜 이제야 알았을까! 체호프와 윌리엄 트레버 그 어디쯤이 생각나는 이야기들. ‘이유’를 읽다가 끝내 눈물 흘렸다. 산다는 게 과연 무엇인지, 평범한 러시아 여성들의 지난한 삶이 마음을 뒤흔든다. 온 마음으로 좋아하게 되는 작품들. 앞으로 빅토리아 토카레바 작품은 무조건 읽기!"
9788937429156,10,‘감찰관‘이라는 작품으로 인상이 깊었다. ‘외투‘도 실망시키지 않았다. 시대상을 반영하며 재치있게 풀어나간 작가에 한 번 더 빠졌다. 특히 ‘코‘라는 작품이 인상깊었다.
9788937429156,8,황당하지만 드물게 있을 법한 일이 아닌가.
9788937429156,10,"더 말해 무엇하랴. 고골의 외투, 아까끼 아까끼예비치. 그 외 두 편의 이야기에서 그려지는 멍청이들"
9788937429156,10,이건 사야해!!
9788901203584,10,쉽게 읽히지 않고 읽고 다면 다시 생각해보고 곱씹어야 하는 책입니다
9788901203584,10,"사랑, 행복, 죽음 등 삶에서 겪고 느끼게 되는 당연한 일상들을 다시금 되새겨 볼 수 있는 좋은 책이다.""체호프식 비극적 유머"" 라는 역자의 표현이 딱이다.왜 예전에 읽었을 때는 이런 느낌을 받지 못한 걸까. 역시나 세월이 주는 선물인가?"
9788901203584,10,"특히, 산딸기-사랑에 관하여-개를 데리고 다니는 여인까지 연달은 세편이 좋았다"
9788901203584,10,한 번 읽은 책은 여간해서 다시 돌아보지 않는 나같은 이도 체홉은 여러 번 읽게 되고 그때마다 감탄한다.
9788932911175,10,무시무시함의 시작.
9788932911175,8,도스토예프스키스럽지가 않지만 볼만하다
9788932911175,10,가난한 사람의 순수한 사랑이 참 슬프다..
9788932911175,8,물질적 가난과 정신적 가난은 인간의 삶을 얼마나 피폐하게 만드는가. 이번에 읽을 때는 ‘정신적 가난‘이 더 눈에 들어왔다.
9788932911175,10,"대문호 도스토옙스키의 데뷔작이라는 것만으로도 읽을 가치는 충분합니다. 물론 죄와 벌, 악령, 카라마조프가의 형제들과 같은 작품만큼은 아니지만, ‘버금간다‘는 표현은 이런 작품에 쓰일 수 있는 것이겠죠. 서간체라서 도선생 특유의 장황하고 수다스럽지만 맛깔나는 문체가 더욱 빛을 발합니다."
9788932911175,10,세상 사람들 모두가 이 책을 읽었으면 좋겠다...
9788932911175,10,읽는 내내 가난과 공경에 생각했다.
9788932911175,10,"가난한 사람의 심리, 생활을 묘사하는 일에만 그치지 않고 사회적 시야까지 추가되어 작가의 역량이 고스란히 묻어났다."
9788932911175,8,도저히 종잡을 수 없는 소설. 있을 땐 행복해하고 없으니 우울해하는 이 인간은 뭘까? 그러면서도 이 파토스적인 주인공은 의외로 체제 순응적이다. 남의 이목도 신경 쓴다. 마이웨이를 가는 것도 아니고 확실히 타협하는 것도 아니다. 게다가 이 콤플렉스의 인간은 가난하기까지 하다. 오호통재라!
9788932911175,10,"읽는 내내 친구들과 밥 한끼, 술 한잔 먹는데에도 돈 걱정하던 그 때의 내가 떠올랐다. 물질적으로 가난하면 마음에도 여유가 없다. 모든 일에 앞서 얼마가 들지부터 걱정하게 되고 그 사실에 대해 부끄러워 하고..가난은 남이 봤을때 죄가 아닐지 몰라도 자신이 느끼기엔 죄나 다름없다."
9788932911175,10,"도스토옙스키는 고골의 외투의 주인공 아카키아카키예비치의 진화된 형태인 바슈마취킨을 주인공으로 하여 물리적으로도, 심리적으로도, 문학적으로도 빈곤한 인간을 그려내고있다. 단순히 물리적빈곤함만을 논했던 고골과는 달리 3차원적인 빈곤함을 그려내며 훨씬 더 고차원적인 동정심을 이끌어낸다"
9788932911175,10,가난한 사람의 속마음. 들키고 싶지 않은 궁핍한 마음. 이 마음을 이해 못하는 사람이 있을까 무섭다.
9788932911175,6,가난한 사람들 까다로울 수 밖에 없다는 책속의 말에 공감합니다.
9788932911175,10,도스토예프스키는 버릴 소설이 없어요~
9788932911175,10,"도끼의 처녀작이자 내 도끼 입문작. 서서히 도끼에 빠져 들기 시작한다.

 가난한 두 남녀사이의 애틋한 얘기. 

서간체라서 더욱 와 닿는다."
9788932911175,10,도스또예프스끼의 처녀작 가난한 사람들. 슬픈 연애편지 소설
9788932911175,10,"물질적 가난함보다 참을 수 없는, 존재의 가난함"
9788932911175,10,이 가난은 요즘 가난과는 달라서 부족하지만 비교하지 않고 춥지만 비루하지 않다.
9788954671774,6,사람들이 양장판을 선호하는 것이 확실한데도 문학동네는 양장판을 슬슬 절판시키는 듯 보인다. 오히려 반대로 해야 하는 것 아닌가? 어제까지만 해도 귀공자 티가 물씬 나던 부잣집 잘 생긴 아이가 갑자기 빈티나게 바뀐 느낌?
9788954671774,10,고전을 읽는데 철학이 따라온다. 번민하는 자의  숨소리까지 들리는듯한 숨막히는 심리묘사가 주인공을 금방이라도 시베리아유형지로 보내버릴것만 같다.
9788954671774,10,죄와벌을 어릴때 읽었는데 축약본으로 읽어서인지 큰 감동을 못 느꼈어요.이번에는 출간기념으로 챌린지 신청도 했으니 완역본으로 완독해보려고 합니다. 먼저 시작한 분들의 극찬이 들려서 저도 기대가 큽니다~^^
9788954671774,10,문학동네 세계문학전집을 하나씩 모며 읽고 있는데 이번 챌린지를 통해 <죄와 벌>을 구매했다..흡입력이 좋아 푹 빠져서 읽고 있다..디테일한 심리묘사에 같이 마음이 졸이며 읽게된다..챌린지 무난하게 성공할것 같은 기분좋은 예감이 든다^^
9788954671774,8,예전부터 읽고싶었던 책^^ 도전하는데 의의를 두지 않고 열심히 끝까지 보도록 하겠습니다!!
9788954671774,10,"라스콜리니코프와 길고 먼 동행을 시작합니다 ‘사람들이 제일 두려워하는 게 뭘까? 새로운 한 걸음, 자신의 새로운 말을 무엇보다 두려워하지......‘그의 말에 일부분 동감하면서"
9788954671774,10,"나의 맥락 없는 러시아 문학 사랑은 세월이 흘러도 이상하게 사라지지 않는다. 특별한 계기 없이 드문드문, 그러나 그치지 않고, 무거운 19세기 러시아 소설을 읽는다. <<죄와벌>>의 이 새번역이 눈에 띄게 깔끔한 것 같아서 구입하기로 결정. 우리나라의 노어노문학계에는 숨은 고수가 상당히 많다."
9788954671774,8,"번역이 좀 어색하게 보이는 부분들이 있는데, 예를들면 p70에서 여동생(두냐)을 댁이나 자네라고 해석했는데 틀린건 아니지만 웬지 부자연스럽게 느껴진다."
9788954651035,10,"영원히 이렇게, 평생토록 손에 손을잡고! 카라마조프 만세!"
9788954651035,6,지금까지 출간된 번역본들 가운데 가장 잘 읽히는 번역본인 것은 틀림없다. 동문사에서 채수동 역자의 번역으로 출간된 번역본과 비견될 만하다. 허나 몇몇 문장들은 기괴하리만치 난해하게 표현되어 있고 그 단어선택 역시 자연스럽다고 말하기엔 뭔가 미묘하다. 백승무 역자의 번역만을 기다릴뿐이다
9788954651035,10,카라마조프 읽기 시작했는데 도스토옙스키 를 워낙 좋아해서 기대되네요. 번역가님 추천 글들 공감이요!
9788954651035,10,학창시절이후 처음으로 드스토옙스키를 접하게 되었네요.멋모그로 읽던 때와는 다르게 어떤 감동에 이르게 될 지 기대됩니다.
9788954651035,10,현재까지 인류의 예술이 도달한 최정점
9788954651035,6,"알라딘 100자평 번역 좋다는 얘기는 의도가 있는 건가요? 아래 문장처럼 좀 이상한 번역이 종종 보입니다˝ 내가 없는 동안 나의 은인이 돌아가신다 해도, 적어도 내가 능히 구해줄 수 있었는데도 구하지 않고 그냥 지나쳐 집으로 총총히 돌아갔다는 것 때문에 평생 자신을 책망하지는 않아도 될테지.˝"
9788954651035,10,"이분 번역이 너무 좋다. 이 책을 읽고, 을유에서 나온 <죄와 벌>, 문지에서 나온 <스페이드의 여왕>까지 구입하게 됨. 부디 다른 작품들도 많이많이 번역해주시길..."
9788954651035,10,책마다 들어있는 고급진 재질의 책갈피도 예쁘고 책 자체도 무척 예쁩니다. 일독하고 장식해놓기 좋네요. 번역도 깔끔하고 잘 읽힙니다.
9788954651035,10,"큰 기대를 하지않고 읽었는데 김희숙 교수의 번역, 꽤 좋습니다. 조금 나아간 듯 한 번역도 보이지만 상당히 잘 읽히는 듯 합니다. 생각보다 굉장히 잘 읽혀서 당황스러울 정도네요. 줄간격도 좋고, 판형도 좋고. 이래저래 좋은 번역본인듯 싶습니다.문학동네 번역본을 추천합니다."
9788954651035,10,"오늘 막 1권을 다 읽었습니다. 아래 평을 남기신 분의 말씀이 맞습니다. 번역자 김희숙님 정말 최고의 번역 감사합니다. 저도 이미 죄와 벌의 다른 번역본이 있지만, 읽다가 중단하였지만 김희숙님 번역본으로 다시 읽어보려 합니다."
9788954651035,10,번역 정말 훌륭합니다. 같은 분이 번역하신 죄와 벌도 구매할 생각입니다.
9788954651035,10,"도스토예프스키의 역작. 그의 소설적, 사상적 천재성을 가장 잘 볼 수 있는 소설."
9788954651035,10,양장본으로 다시한번 출간했으면 합니다오래 오래 이책을 읽고 또 남겨두고 후손들에게 읽혀주고 싶은이 책... 기대하며 기다립니다^^
9788954651035,8,저는 여러 복잡한 느낌을 받았습니다. 사람마다 취향이 다르지만 저는 철학적인 이야기를 좋아하기도 합니다. 어쩌면 뻔한 내용의 책일 수 있지만 종교의 이야기의 대립은 신선하기도 하였습니다. 이런 이야기에 흥미를 느끼지 못한 분들은 재미가 없을 수 있어 평점 4점을 주었습니다.
9788954651035,10,지인 추천으로 사봤는데.. 여태 살면서 젤 맘에 드는책이네요..ㅋㅋ
9788954651035,10,번역이 좋은가보네요. 전자책 출간 기다립니다~
9788954651035,10,꼰대보다는 광인이 좋다.
9788954651035,10,번역의 정확성이니 뭐 이런건 모릅니다. 하지만 열린책들 번역보단 확실히 잘 읽힙니다.
9788954651035,10,"양장본 기다리시는분이 계신데, 안타깝지만, 도서목록 151번부터는 양장본 안나옵니다.문학동네 홈페이지에 게시글 답변도 있고, 공지했다고 합니다."
9788954651035,10,몇 군데 생소한 단어를 제외하고는 가독성은 아주 좋습니다.
9788954651035,10,오래 기다리던 책. 아무런 고민 없이 구입했습니다.
9788954651035,10,잡았다 놓은 적이 있다. 새 번역이라고 해서 다시 시도해보려 한다.
9788954651035,10,"기존의 책과 번역이 다르다고 해서 처음에는 갸웃,했으나 번역을 비교해보고 깜짝 놀랐다. 마치 현대소설처럼 읽힌다."
9788931010046,8,이상과 일치하는 삶을 살기위해 얼마나 노력했을지 그의 작품을 보면 알 수 있다.
9788931010046,10,명작은 향기가 있고 감동이 있다. 톨스토이는 진정한 대문호다. 죽음과 삶에 대한 가장 깊고 진실한 내면을 제대로 드러낸다.
9788931010046,10,고전입니다
9788931010046,10,인간 심리와 내면의 갈등을 잘 묘사한 책
9788931010046,10,명작은 언제 읽어도 명작
9788937443671,10,"5일만에 상,하권 독파"
9788937443664,10,이토록 많은것을 담고서 이렇게 쉽게 읽히는 대가의 작품이라니 .너무 가볍게 지나친게 아닌가 싶다
9788972758389,8,은근 잘 읽힌다. 넘사벽이란 이런 것.
9788972758389,10,오랫동안 셀 수 없이 많은  sf를 읽어왔지만 이렇게 지워지지 않는 이미지를 각인시킨 작품은 없었다
9788972758389,8,"형제의 다른 소설 <세상이 끝날 때까지 아직 10억 년>도 그랬지만, 우리가 흔히 알고 있는 SF의 전형적인 내용은 아니다. 즐겁게 읽기는 했지만, 모두가 재미나게 볼 수 있는 SF는 아니다."
9788972758389,10,장르문학의 한계를 넘어선 모던 클래식
9788972758389,10,불가지의 우주 버전. 현대문학 출판사님 이 코멘트 보고 계시면 더 내주세요 더더 기왕이면 솔라리스 복간도 해주세요 힘내요 당신은 할 수 있어요 화이팅!
9788972758389,10,그러게.. 주인공이 이렇게 걱정되도록 만들다니
9788972758389,10,도서관에서 빌려서 방금 막 다 읽었는데 최고. 스토리도 흥미진진한데 철학적인 생각 거리도 던져줌. 오탈자가 눈에 띄긴 하지만 번역도 좋아요.
9788972758389,10,새로운 배경으로 컨버전한 톨스토이 같았다.
9788972758389,10,아 너무 재미있고도 슬프다. 자본주의와 관료 체제에 대한 비판부터 인간의 관점의 한계와 이성에 대한 의심까지... 짧고 매력적이고 생경한 소설이자 생각할거리를 참 많이 던져준 철학서로 느껴진다. 부록으로 실린 작품에 얽힌 이야기는 SF보다 더 SF 같다.
9788972758389,6,"소재는 기발하지만, 내용은 큰 재미를 주지 못하는 편이다. 주인공 슈하트는 강한 인상이 그럭저럭 기억에 남는다. 뒤편에 추천사나 작가 후기는 작품 이해에 도움을 주나 재미는 어쩌지 못한다. 취향에 맞지 않는 글이었다."
9788972758389,10,"아, 너무 재미 있다! 생생한 인물들, 말투도 흥미롭지만 주인공의 상황과 심리묘사에 더 집중한 열린 구조여서 취향에 맞았다. 과학적인 사실들 보단 어떤 미래 상황에 빗대어 당대 인간 사회를 풍자하는 느낌. ‘노변의 피크닉‘의 의미를 알고 나니 감탄이 나온다. 바로 그거네!"
9788972758389,10,"동일작가의 다른 저작 소개합니다 ˝세상이 끝날 때까지 아직 10억 년(열린책들, 2009), 저자이름 표기가 달라서 검색이 안 되는 이 한심한... http://www.aladin.co.kr/shop/wproduct.aspx?ItemId=5880488"
9788972758389,8,박사랑 얘기하는 장면이 굉장히 재밌다
9788972758389,6,기대했는데 별로였다. SF보다는 SF 환경 속에서 살아가는 인간들의 삶에 중점을 둔 느낌이다. 난 이야기 속의 신비로운 물체들에 관심이 더 많았는데...
9788972758389,10,SF가 원래 이렇게 재미있는 장르구나 싶었다. 그리고 책 표지가 정말 예쁘다.
9788972758389,10,SF에 러시아 작가라니 심각하고 심오하고 뭐 그러려나 했는데 웬걸웬걸 이 책 넘 잼납니다!!!! 아래 댓글에 빗살무니토기님이나 yurika1000님 에르고숨님 댓글 하나 과장없이 정말로 좋았어요. 저도 추천별 땅땅 날려요~
9788972758389,10,"다른 행성 소풍을 파할 때는 물건이나 쓰레기 흘리거나 버리는 거 아니다……가 아니고. SF 밀수스릴러에 다름 아니나 비장미 넘친다. 다른 무엇보다, 읽는 재미가 끝내준다."
9788972758389,10,꽤 오랫동안 읽고 애정해온 sf 소설들. 쟁쟁한 작가들을 제치고 단숨에 탑의 자리에 올리고 싶은 탁월한 이야기! 생생하면서도 깊이있게 인간을 말해주는 이야기는 최고라는 찬사가 아깝지않습니다. 스투르가츠키 형제의 작품집이 속히 번역되어 발간되기를 금빛 구체에 빌어봅니다. ^^
9788972758389,10,전 요번에 이책에 대해서 처음 알게 되었습니다.워낙 SF는 북미권 작가의 작품들만 접해서인지 타국의 SF는 많이 접해보지 못했죠.하지만 이책을 보니 과연 르귄의 추천사가 붙을만 하더군요.책을 펼치자 마자 쉴틈없이 읽었습니다.정말 오랫만에 보는 멋진 SF작품이었습니다.개인적인 초강추작입니다.
9788972758389,10,스타니스와프 렘이 격찬했던 책이 드디어 나왔군요.
9788972758389,10,"헉..예전에 출간된다는 얘기는 들었는데, 약속 지켜주는 현대문학 완전 감동!!"
9788931003680,10,가장 어두운 시기에 내 머릿속을 스쳐갔던 생각들을작가는 독보적인 언어의 마법으로 잡아두었다.
9788931003680,10,최고.. 도스토옙스키는 참 인간 내면의 모순된 점들을 잘 표현하는 것 같습니다.
9788931003680,8,책을 읽을 때 반감이 심하게 들었지만 같은 인간으로서의 연민의 감정이 느껴지기도... 그를 천재적 작가라고들 한다. 쉽게 읽힐 줄 알았지만 그의 책을 이해하는 데 큰 어려움이 있었다. 사실 아직도 그를 잘 모르겠다.
9788931003680,10,"도입부가 어려웠다. 철학적 사유가 난해했다. 도끼형이 이 책을 왜 쓰게 됐는지, 그 역사적 맥락을 먼저 이해하고 읽어야 할 듯하다. 이 책을 읽기 전에 죄와 벌을 읽었다. 다시 한 번 읽어봐야 할 듯하다. 이 책으로 인해 카라마조프가의 형제들도 다른 느낌으로 읽힐 듯하다."
9788931003680,10,"작품 텍스트 자체에 대해 논하자니 너무 깊고 진중한 것이다. 그리하여 이 판 자체에 대해서만 논해본다면 이동현 역자의 도스토옙스키 번역과, 문예출판사의 책 짜임새는 칭찬하고 넘어가야 겠다."
9788931003680,4,역자 정보가 알라딘에 기재되지 않음
9788931003680,10,인간내면을 이렇게 드러낼 수 있다는 사실이 진정 놀랍다. 가난한사람들도 몰입해서 봤는데 이 책도 역시 빠져든다
9788931003680,10,"좀 갑갑할 수도 있지만 즐겁게 읽었다. 도스토예프스키 형의 귀여운 초기작 정도로 나는 생각하는데, 그의 소설 특유의 악당의 마음, 악당의 표정이 여기서 시작된다고 생각한다"
9788931003680,8,난해하고 신경질적이고 비루하고 야비하고 찌질하다. 주인공도 아니고 비장하지도 않다. 그런데 내 안에 무언가를 꺼낸 듯하고 위대한 작가의 모든 작품의 모티브가 된 정신적 비범함이 계속 곱씹게 한다. 줄줄 읽을 수 없는 듯 하지만 나와 긴 얘기를 나누는 작품이다.
9788931003680,10,웬 미친놈이 변명?하나 했는데...도스토옙스키가 천재로 불리는 이유를 이제 알았다.
9788931003680,10,인간은 한마디로 정의할 수 없는 복잡한 존재다.
9788931003680,10,"인생의 모욕감들이 위로받는 느낌, 2부부터 시작하면 더 잘 읽혀요."
9788931003680,8,악령 이후 다시 한 번 도스토예프스키 작품에.
9788931003680,10,도스토옙스키의 작품을 두 번째로 읽으며 온몸으로 오르는 전율에 기뻐했다!!
9788931003680,10,미성년 20년후.
9788931003680,8,도스토예프스키의 반시대적 고찰
9788932912585,10,좋습니다~
9788932912585,10,어렵게 번역한 책을 거지발싸개처럼 찍어서 내놓았던 초회판은 진짜 악몽이었는데... 그래도 그 때 먹은 욕이 아깝지 않게 지금이라도 제정신 차리고 제대로 된 양장본으로 냈다. 다행스럽게 생각하며 박수를 보낸다.
9788932912585,10,백만 점을 줘도 안 아까운 솔제니친의 역작. 그 엄숙한 역사 이야기 속에서도 저는 솔제니친의 반어적인 유머가 특히 좋더라고요. 러시아의 문학적 토양을 위대하게 만드는 데 지분이 적지 않은 분이라 봅니다.
9788932912585,10,드디어 나왔네요~~~~~~~양장본으로^^
9788954655200,10,나보코프의 문장은 마약과 같다.
9788954655200,10,"나보코프의 천재성을 또 한번 확인하게 될 수밖에 없는 작품. 이런 실험적인 성격을 띠는 점에서 낯설 수 있지만 차츰 빠져들게 될 수록 역시 나보코프구나, 라는 생각을 하게 된다. 언어의 유희, 치밀한 구조, 마지막 장을 덮을 때까지 그저 숨죽일 따름!"
9788954655200,10,"각 잡고 독자를 놀려보리라는 나보코프에 반했다. 사랑하는 시인을 만들고 아름다운 시를 만들고 저물어가는 왕정과 혁명을 만들고 마지막 왕을 만들어 꼼짝없이 놀려먹으려는 현란한 글 솜씨에는 놀아나야 하는 거다. 두번,세번,놀아나지않기위해서가아니라거듭새로놀아나기위해다시읽어보고싶은작품."
9788954655200,10,처음 몇일간 갸우뚱 하다가 두세번 읽고나서야 겨우 이해했네요. 오래간만에 본격적으로 독서를 시작하던 시점의 격앙된 기분을 느꼈습니다
9788954655200,8,"주문이 가장 오래된 사람의 유산이라고 전제한다면, 나보코프는 언어를 주문으로 돌린 유일한 사람일 것이다. 그의 요설은 무의미할 수 있고 현학적일 수 있다. 그러나 피할 길은 없다."
9788954655200,10,읽어보고 싶은 작품이다
9788954655200,10,어렵다... 하지만 읽어 보고 싶다.
9788954655200,10,드디어 한국어로 출간된 현대 최고의 소설! 읽을 수 있어서 행복합니다
9788954655200,10,좋은 번역 가벼운 접근(??) 무겁지 않게 명작을 소개해 줄 수 있게 해줘서 감사합니다 ~ 혼자서 꿍얼 거리지 않고 많은 사람과 이 작품을 함께 얘기 할 수 있어서 너무 행복합니다. 다신 번역서가 안 나올 줄 알았어요 ^^
9788954655200,10,그 누구도 감히 따라갈 수 없는 나보코프의 독창적인 세계! 이 놀라운 언어 천재는 소설에서도 가히 혁명적인 방법을 통해 독서의 즐거움을 한층 배가시킨다. 여러 번 읽고 또 읽어야 할 책. 대단하다!
9788954655200,10,40년만의 새로운 번역이라니 알라딘 열일 칭찬합니다 너무 기대되는 작품입니다
9788954655200,8,나보코프의 걸작 등장! 이런 작품들이 이제 한국어로 번역되는 참으로 좋은 시절! 책장은 비만 상태이지만 반드시 내 손에! 책만큼은 무한히 사치스러운 사람들에게 따사한 봄 한나절에 방긋 웃음! 오직 시간 없음과 게으름만이 적!
9788901105079,10,시대를 초월한다라는 것의 증거
9788901105079,8,왜 이 작가가 인지도 없는거지? 읽으면서 계속 의아했는데 어쩌면 나만 모르고 있었던 걸지도
9788901105079,10,고전 읽기 시작
9788901105079,10,재미있다....너무나 재미있다......특히 외투가 미친듯 재미있다. 파트리크 쥐스킨트의 비둘기를 매우 좋아하는데 그 이야기와 세트를 이루는 느낌의 쫀쫀한 재미가 일품이다.
9788901105079,10,펭귄클래식은 잘 알려지 있는 표지 디자인뿐만 아니라 작품 선정에서도 충분히 탁월하다
9788901105079,10,누구에게나 호오는 있다. 하지만 어떤 작품을 쓰레기라고 부를 때는 단순한 감상과 가치관에 의거해서는 안 된다. 밑에 어린아이는 고골도 모르면서 러시아 산문문학을 읽는다는 것인가?
9788901105079,10,역시 고골! 소리가 절로 나오는 명작단편들이에요~
9788901105079,2,쓰레기.
9788932909295,10,상권을 읽긴 했는데 생각보다 너무 지루하다..다 읽을 수 있을까
9788932909295,10,책에 빨려들어가는 느낌
9788932909295,8,솔직히 (상)편은 책장을 너무너무너무 힘들게 넘겼다. 그러나 (하)편부터는 재미있고 빠르게 읽어나갈 수 있었다. 역시 도끼!
9788932909295,10,백치는 도스토예프스키가 생각한 이상적 인간상인 것일까?
9788932909295,10,백치같은 미쉬낀 공작을 통해 본 러시아의 많은 인간 군상들
9788932909288,2,"도대체 어떻게 러시아문학으로 박사학위까지 받은 이가 이따위 번역을 할 수가 있을까? 이런 번역으로 도스토예프스키를 접했다가 학을 떼고 러시아 문학 전체를 멀리했을 법한, 목마른 독자들이 얼마나 많았을까 생각하면 죄라는 게 다른게 아니구나 싶다. 죄에는 벌이 있으리라 믿는다."
9788932909288,10,"오랜만에 다시 읽는 도선생의 백치, 그의 다른 소설들의 인물 원형이 살아숨쉬고 있다. 즐겨 읽었던 도선생의 작품을 다시 읽어봐야겠다는다짐을 한다."
9788932909288,10,도스토예프스키 소설은 첫 글자를 읽는 순간부터 흡인력이 있다. 오랜만에 만나는 그의 소설은 항상 기대이상. 석영중의 도스토예프스키 돈을 위해 펜을 들다란 책을 읽고 나면 그가 더 가깝게 느껴질것
9788932909288,8,"미쉬낀 같은 사람이 세상에 존재한다면 당신은 그를 조롱할 것인가, 사랑할 것인가?"
9788932909288,8,누굴선택하란 말이더냐?  나스따시아....아님 아글라야. 누구에게 선택받은것이냐? 나스따시아...아님 아글라야 / 이제 악령으로 넘어가보자
9788932909288,8,백치. 그는 정말로 백치인가. 혹은 백치인척 하는 걸까.
9788932909288,8,미슈낀은 한 때 알료사와 함께 제 아이돌이었습니다.
9788932909288,10,백치는 도스토예프스키가 생각한 이상적 인간상인 것일까?
9788932909288,10,"죄와벌, 까라마조프를 읽고 그 다음 읽어보려는 책
기대하게 만든다"
9788937443787,2,"3부 26장, 617쪽 19줄 문장이 도데체 무슨 말인지 알수가 없네요. [스비야시스키는  스스로에 대해  바보나 쓰레기라고 말했을 것이고]라고 번역했는데, 주어를 레빈으로 바꾸어서[레빈은 그(스비야)를 바보나 쓰레기라고 말했을것이고]가 자연스러운데, 참 난해하네요."
9788937443787,10,이런 합본 대환영. 게다가 연진희 선생님 번역.. 최고입니다. 다른 역본 판본들 갖고 있지만 제가 무슨 힘이 있나요 또 주문해야죠...
9788937443787,10,책이 고급스럽게 나와서 유혹을 못이기고 샀네요.톨스토이작가님 작품 입문해봅니다.재미있었으면 좋겠네요.
9788937443787,10,안나 카레니나 자체로도 빛나지만이렇게 예쁘기까지 하다니.: )
9788937443787,10,합본이여서 반갑고 표지가 산뜻해서 확 구매하고 싶지만 반쯤 읽었을때 쩍 갈라져서 페이지들이 분리 될것 같은 불김함이....
9788937443787,10,이 합본판을 살지 원래 민음사 세트 3권을 살지 고민중인데 혹시 이거 사신분들에게 여쭤봅니다 :) 이 합본판 읽기에 너무 불편하거나 그러지 않나요? 너무 거대해보여서 그렇습니다.
9788937443787,10,"안나는 문학사에서 가장 아름답고 비극적인 여인, [안나 카레니나]는 내가 가장 사랑하는 고전 중 하나, 이미 다른 판본으로 소장중이지만, 사는 수밖에.."
9788932403878,10,"왜 도스토옙스키를 읽어야 하는지 느꼈다. 여러 책 비교해보고 구입해서 잘읽어서, 같은 역자 번역의 문학동네 카라마조프가형제들도 구입했음."
9788932403878,10,죄와 벌 번역은 을유가 가장 좋습니다. 뒤로 갈수록 오탈자가 좀 많긴 한데 이해에는 지장 없어서 넘어갑니다.
9788932403878,10,민음사 번역보다 훨씬 나은 듯합니다. 직역을 한 것 같은 부분이 없는 것은 아니지만 그나마 가독성이 높게 잘 번역된 편입니다. 미리보기로 민음사 번역 한 번 읽어보세요. 첫 몇 장만 읽어보시면 알 수 있을 겁니다. 번역이냐 단순한 해석이냐를 놓고 볼 때 많은 책이 그저 해석에 머물러 있습니다.
9788932403878,8,"첫 몇 쪽을 읽고서 김희숙 번역이 좋다고 판단해서 전자책으로 샀으나 뜻이 뭘까 고개를 갸우뚱하게 하는 데가 몇 군데 있었다. 직역한 탓이다. 주석이 좋은데 전자책은 링크가 안 되어 있다. 구두점 잘못된 곳이 있었다, 종이책도. 종이책에서 굵게 표시한 것은 전자책에 굵게 안 나온다."
9788932403878,10,좋은 번역.
9788932403878,10,시간이 걸렸지만 충분히 가치있는책..
9788932909448,10,너무나도 섬세한  심리묘사와 대화.특이하기 그지없는 인간군상들.그것은 모두 나!
9788932909448,10,책을 읽는 내내 손에서 내려놓지 못하고 계속 읽었다. 정말 이런 책을 읽을 수 있게 된 것을 감사한다.
9788932909448,10,인간에게 내재한 선악의 본질은 흥미진진하게 문학적으로 표현
9788932909448,10,말이 필요 없는 까라마조프!
9788932909448,10,"인간의 선과 악, 다면적인 모습을 그린 거대한 소설. 추악한 인간의 모습을 섬세히 묘사했으나, 결국 인간에 대한 희망을 느끼게 된다."
9788932909448,10,흥미진진한 최고의 고전~! 다양한 인간 군상들이 책속에 숨쉬고 있다
9788932909448,10,"z ㅋ 두말할 필요가 없는 책이잖아요
대단한 도스도예프스키"
9788932909424,2,번역 엉망이네요
9788932909424,10,"읽기 시작했으면 끝까지 읽을 수 밖에 없다. 젊은 시절 접근하기 어려워 피했던 러시아 문학. 문학을 멀리했던 그 시절은 가장 어리석고 못난 삶이었다. 이 3권을 읽고 난 후로 러시아 주요 작가들을 두루 접할 수 있었고, 지금은 새로 출간된 전쟁과 평화를 읽고 있다"
9788932909424,8,문장이 깔끔하긴한데 뭔가 맛이 잘 안살아
9788932909424,10,"두번이나 실패하고, 나이를 한참 먹고 나서야 완독해 가는 중이다. ‘까라마조프가(家)‘는 인간을 파멸로 몰고가는 무의식적인 힘, 내면의 파괴적 충동의 대명사다. 죄를 지을 수밖에 없는 인간에게 구원은 어떻게 가능한가를 묻고, 이를 종교적 차원에서 풀어간다."
9788932909424,10,어렵지만 읽어볼만한 책이다. 혹자는 호모 사피엔스가 쓴 가장 위대한 걸작품이라는데 여러번 읽어봐야 진가를 알 수 있을 것 같다.
9788932909424,10,"도스토예프스키의 죄와벌, 백치, 까라마조프씨네 형제들까지 열린책들 번역으로 읽었다. 도스토예프스키 책들의 번역은 열린책들이 거의 도맡다시피 하고 있어서 민음사를 포함한 다른 출판사의 번역본은 읽어보지 못했다. 하지만 굳이 다른 출판사로 읽을 필요도 없이 훌륭한 번역이었다."
9788932909424,10,열린책들의 노랑표지는 참으로 귀엽다. 자칫 고전과 어울리지 않는 느낌도 있으나 발랄하니 맘에 든다. 매우 재미있다. 등장인물들의 이름에 너무 신경쓰지 말고 내용자체에 집중하면 신나게 볼 수 있다.
9788932909424,10,세계적인 러시아 문학의 거장 도스토에프스키의 최고걸작  카라마조프씨네 형제들 다른 출판사 판본도 구입했지만 열린책 판본의 책이 번역상태가 좋다기에  구입하게 됐네요철학 인생 심리가 포함된 소설이기에 강추합니다.
9788932909424,6,아~ㅠㅠ  두번째 도전이었으나 여전히 지루하다ㅠㅠ
9788932909424,10,서문부터 읽는데  굉장한 흡입력입니다. 작가의 작고로 2부가 나오지 않은게 불행이죠.
9788932909424,8,"드미트리, 이반, 알료샤 누구 하나 버릴 것 없이 다 모으면 오롯이 도스또예프스키 그 자신입니다.
읽을 때마다 새로운 드라마가 펼쳐집니다."
9788932909424,10,최고의 걸작이다 친부살해의 내용에서 프로이트 이론과말리노프스키 이론을 알수있고 전체적으로 바흐찐 소설같다
9788932909424,10,"인간에게 내재한 선악의 본질을 문학적으로 멋있게 표현한 작품, 읽기 잘한 듯"
9788932909424,10,"죽기전에 꼭  읽으세요 ! !    한달이 걸리든, 일년이 걸리든. (무신론자인 저도 읽었으니...)"
9788932909424,10,"대심문관에 나오는 예수의 이미지가 지금도 잊혀지지 않는다. 온갖 비난을 쏟아냈지만 그는 (나를, 당신을, 혹은 우리를) 말없이 안아주었다."
9788932909424,4,"책의 내용이아 두말할 필요가 있겠냐마는....
번역이 엉망이잖아! ｀~｀ 민음사 번역이 훨씬 낫구먼..."
9788932909424,10,말이 필요 없는 까라마조프!
9788932909424,8,권력이 된 종교 조직. 그로부터 인간의 자유를 추구하는 작가의 분투가 느껴집니다.
9788932909424,10,죄와벌에서는 인간의 선과악을 담았다면 까라마조프에서는 더 나아가 종교를 다루고있
9788932909424,10,신학생이라면 어찌되었든 한번쯤 들추어봐야하는 책
9788932909424,8,인간내면의 섬세한심리분석에 탁월한 거장.
9788932909424,10,"ㅋ 엄마가 보고싶다고 하신 책이었는데
내가 구매할때 같이 끼워서 사드렸다"
9791165508968,6,제가 한 번 읽어보겠습니다
9791165508968,8,기대되네요!!
9791196783624,2,역자와 출판사 들어라. 중요작가 작품집인데 해제가 없냐 ㅜ. 리옴빠가 뭔데? 다시 쓰고 만들라. 질투도 내놓고
9791196783624,10,Hello my friend
9791196783624,8,"정말 좋아하는 작가인데, 서체 때문에 눈이 너무 아파서 읽을 수가 없네요. 다음에는 이 부분 감안해 주시면 좋겠습니다."
9791196783624,10,언어예술에서만 누릴 수 있는 최상의 쾌락이 무엇인지 환기해주는 소설집. 단편소설은 이렇게 써야 한다! 뺨을 후드려 맞으면서도 독자는 마냥 행복하네요 하하
9791196783624,10,"낯선 세계의 가치있는 단편집. 읽는 동안 단편소설이란 무엇인가, 그런 의미도 환기시킬 수 있다. 다채로움과 충격과 카리스마."
9791196554828,2,남들 리뷰가 좋다고 내 맘에 드는 건 아녔다. 그저 200년 전 해프닝같은 이야기들... 기대를 너무 많이 했다....
9791196554828,10,"시한책방의 소개로 구입해서 읽게 되었는데, 정말 좋았습니다. 책 처음부터 끝까지 저에겐 완벽한 책이었어요. 번역도 최고고, 판형이나 본문 내지, 폰트 그리고 디자인까지~~ 한동안 잊고 살았던 러시아문학에 다시 한번 매료되었네요. 개인적으로 번역이 최고였어요~^^"
9791196554828,10,"‘그는 기꺼이 책을 빌려주었고 돌려달라는 말을 절대로 하지 않았다.  대신 자기가 빌린 책 또한 그 주인에게 돌려준 적이 없었다.(22쪽)‘ 아하하하. 어찌나 웃었는지.. 나는 도저히 이런 사람이 될 수 없겠지만,  만약 이웃에 있다면...(있다면? 누가 알아. 있는데 아직 못 만난 것일지도?? 흐흐)"
9791196554828,10,오랜만에 빠져들어 술술 읽혀지는 책을 만났어요
9791196554828,10,"이 책 한권으로 푸시킨에 대해 알 수 있었고 책 커버 디자인, 컬러가 깔끔하고 이뻐서 너무 맘에 드네요~"
9791196554828,10,"푸시킨의 소설이 이렇게 매력적인지 미처 몰랐다. ‘눈보라’의 묘사는 영화보다 더 선명하고 아름답고, ‘한 발의 총성’의 서사는 그 어느 단편의 서사보다 흥미진진하며, ‘역참지기’는 발자크나 졸라의 소설보다 더 진하고 씁쓸한 삶의 비애를 담고 있다. 이토록 강렬하고 섬세한 산문이라니..!"
9791196554828,10,정말 낭만적이고 재미있다. 푸시킨의 개인적 삶이 다섯편의 단편에 조금씩 녹아든 느낌
9791196554828,10,껍데기는 아름답지만 벨킨이야기잖아.또 사긴 애매하잖아.
9791196554828,10,푸시킨이 왜 러시아 국민 작가인지를 알고싶다면 강추
9788954620628,2,번역도 매끄럽지 못하고 조사가 이상하게 되서 무슨말인지도 도통 모르겠고... 빠진것도 많고 쉬운말로 번역할수 있는데 굳이 거의 잘 쓰지도 않는 한자어를 쓰는 이유가 뭔지.. 그렇다면 그에 대한 주석을 달던지...무슨 한자어 지식자랑도 아니고..번역 완성후에 다시 재검토를 하시던지..
9788954620628,10,인생에 한번은 꼭 읽어보고 소장할 만한 가치가 충분히 있는 책입니다.
9788954620628,10,영화로 보고 나서 소설로 읽었는데 조금 어렵긴 하지만 재밌었어요.
9788954620628,6,사람은 감성과 이성 중 어느 것을 중심에 세워서 살아야 하는가를 묻고싶다. 참담한 연애소설... 읽다 사리가 한 타스는 쌓인거 같다.
9788954620628,10,고전을 아들에게 선물로
9788954620628,10,"원작 소설과 영화, 무엇을 먼저 보아야 할까?"
9788954620628,10,"안나 카레니나를 왜 예전에는 애정소설로 읽었는지, 이번에는 르포로 나는 읽혀졌다."
9788954620628,10,문장이 아름답습니다.
9788954620628,10,"역시 박형규 번역이 좋다. 다른 판본들도 읽었지만, 역시 박형규 번역이 깊이가 있다."
9788954620628,10,인생이란 것이....내가 원한다고 그대로 될 수 없는 이유를 가슴이 아프게 말해주는 것...그래서 인생이 소중하다고 말해주는 책~~
9788954620628,6,노문학 전공자로서 안나카레니나 번역은 이철 선생의 범우사 판본이 가장 좋습니다. 문동판은 장정은 좋으나 읽는 맛이 덜할 듯하네요. 책 이쁜 거 좋아하시는 분은 문동판 읽으시면 될 듯
9788954620628,10,알쓸신잡에서 김영하 작가님이 무인도에 가져가고 싶은 책이라구 추천했어요!ㅎㅎ 살면서 한번은 꼭 읽어봐야할 고전 중의 고전! 추천합니당 :)
9788954620628,6,영화를 보고 다시 봐야하나...백퍼 이해하긴 어렵다...ㅜ 세권 다 읽느라 힘들었엉...ㅠ
9788954620628,10,분륜이라는 사회의 부정적인 시선에서 자유로운 사랑은 없었다. 하지만 결혼이라는 정상적인 사회 제도 내에서도 영원한 사랑은 없었다. 대체 사랑은 어떻게 해야되는 것일까? 솔직하게 아니면 안정적으로? 다시 한 번 읽어보며 답을 찾아나가야 될 것 같다.
9788954620628,8,서점에서 출판사별로 비교해봤는데 디자인은 제일 이쁩니다! 근데 번역은 별로예요
9788954620628,2,첫 문장부터 번역이 좀 눈에 거슬리네요.
9788954620628,10,양장본으로 구입. 톨스토이의 치밀한 묘사를 따라가다 보니 어느새 19세기 러시아로.
9788954620628,10,명작. 아직 책상위에. 곧 봐야지요.
9788954620628,10,노트도 같이 오고 비닐 포장된 상태로 와서 좋네요. 읽고있던 책들 먼저 읽고 나중에 읽으려 했는데 먼지 안쌓여서 좋을거같아요~ ㅎㅎ
9788954620628,10,"저자 박웅현의 책은도끼다, 여덟단어를 보면  안나 까레니나의 고전소설이 왜 읽어야하는지 이 소설이 얼마나 가치가 있는지 알수있습니다. 박웅현님께서 추천한 안나까레니나..사실상 그시기 러시아의 사회상을 보여주는 다양한 논쟁, 안나의 내면을 통한 인생의 목적을 알수있는 좋은소설입니다.."
9788954620628,10,무엇보다도 끔찍한 일은 모든 허물이 내게 있다는 것이다. 허물은 내게 있다. 그렇다고 내게 죄가 있는 것은 아니다. 바로 거기에 모든 비극이 있는 것이다.
9788954620628,10,번역에 고어가 좀 많은 듯 하지만 안나 카레니나는 대박!
9788954620628,10,"러시아 귀족의 허위와 자존심 그리고 붕괴를 느꼈다. 계급적 사회가 끝나가는 시대에 겪는 사고의 차이 그리고 사랑 
그 시대의 사람들의 생각, 상류사회의 문화, 인간의 감정을 알 수 있었다. 하지만 여러번 읽어야 이해가 될 어려운 책이다."
9788954620628,4,"소피마르소 주연의 영화로 봤지만, 톨스토이의 대작은 정말 지루하다. 몇 번을 읽어야 그 맛을 음미할 수 있을까?<2013.5.17 읽음>"
9788954620628,6,어렵다. 행복한 가정과 불행한 가정을 두고 대비시켜가는 느낌. 그렇다고 어느 한쪽이 밉거나 싫지는 않았다. 내 수준에선 이정도 인가?
9788954620628,10,"번역이 불만이라고 아래에 썼습니다만, 세 권을 모두 읽고 나니 톨스토이의 원작 자체가 현대의 시각으로 보면 고루한 19세기 러시아어라는 점을 감안하면 그다지 나쁘지 않을 수 있다는 생각도 드네요. 번역은 차치하고, 어쨌든 안나 카레리나가 위대한 작품임엔 틀림없습니다."
9788954620628,10,"러시아 문학은 어렵다는 편견이 있었는데, 이 책을 읽고 생각을 바꿨습니다. 문학은 아는 만큼, 경험한 만큼 읽히는 게 아닐까요? 무작정 어렵다고, 번역이 별로라고 욕하지 마시고 찬찬히 읽어보시길!"
9788954620628,10,항상 벼르던걸 좋은 가격에 사서 좋다.노트도 좋았고
9788954620628,10,"다시 읽은 ｀안나 카레니나｀, 역시 대단한 소설이었다."
9788954620628,2,민음사판이 훨씬 낫네요. 자세한 설명없이 그냥 생략해버린 부분도 많고 문장이 매끄럽지 못한 느낌..
9788954620628,8,톨스토이 작품은 박형규 선생님의 번역이 우수하다고 하더라고요! 그래서 구매했습니다.
9788954620628,10,"책으로 우선 읽고, 영화로 한 번쯤 더 보고 싶을 책. 깊이있는 문장이 인상적."
9788954620628,10,"전 3권에 한 사람으로 추정되는 여인의 서로 다른 구도, 서로 다른 모습을 담은 표지에서 시간의 흐름까지 느껴집니다."
9788954620628,10,반값할인에 양장노트 행사까지....금상첨화
9788954620628,8,"세계적인 대가 톨스토이의 작품으로 그 당시의
시대상,철학등을 잘 표현한 작품인데...
번역 잘 하기로 유명한 박형규님의 번역이라 더 맘에 듭니다."
9788954620628,8,꼭 한 번 읽어야 할 책.
9788954620628,10,<안나 카레니나>의 기품있는 문체를 잘 표현했다. 세트와 노트도 좋고^^
9788954620628,10,"문학동네 표지도 예쁘고, 이벤트까지!!ㅠ 읽을 책은 쌓여만 가는데 자꾸 지르는건.. 읽을 책을 사는것이 아닌, 책을 모으고 싶은 제 마음을 사는게 아닌가 싶어요... 열심히 읽어야겠네요ㅎㅎ"
9788954620628,10,최고 중에 최고입니다 문학동네세계문학1번이니 얼마나 정성일지는 상상만으로도...^^
9788937462542,10,어마무시하다...
9788937462542,8,불가코프 최고의 걸작. 전개가 환상적이고 인물들이 매력적이다. 체제에 대한 저항은 덤
9788937462542,10,러시아 소설이 이렇게 웃길 수 있다니. 비범한 블랙유머의 향연.
9788937462542,10,"그 시대, 그 사건, 군중, 군중심리, 역사, 인간이라는 존재 자체의 위선을 시원하게 보여주는 작품이다.  악마, 러시아식 발푸르기스의 밤, 마녀, 각 장마다 숨가쁘게 바뀌는 등장인물.. 정신없는 전개에도 이야기를 풀어내는 힘이 산만하지 않다."
9788937462542,10,˝원고는 불타지 않는다.˝ 이 한 문장만으로 거리낌없이 만났다.
9788937462542,10,이것이 과연 인간의 필력이란 말인가!!!
9788937462542,10,불멸로 남을 20세기 러시아 문학의 위대한 성취.
9788937462542,10,"문학은 얼마나 위대하며, 얼마나 많은 것을 품을 수 있는지 보여주는 걸작"
9788937462542,10,목차를 보니 무지하게 땡기네요~ 러시아 문학도 은근히 재미있어요
9788937462399,6,그러니까 지하 만세!
9788937462399,8,만연체의 향연
9788937462399,8,러시아의 3대 문호 도스토옙스키의 난해한 작품. 1부는 소설이라기 보다 생각을 마구 나열해놓은 듯한 문체가 인상적이다. 생각의 흐름을 따라가듯 난잡하게 이어지는 단어의 선택이 내가 읽고 있는 것이 무엇인지조차 인식하기 어렵게 한다. 2부는 주인공의 지하인으로서의 삶을 볼 수 있다.
9788937462399,10,'~로부터의 수기'란 제목도 사실 제대로 된 번역은 아니라고 본다. '~로부터'는 방향의 출발점을 나타내는 조사인데 여기에다 소유격 조사 '의'가 붙어 전형적인 일본 번역체 냄새를 풍긴다. 멋스럽게 제목을 붙여 보려했으나 결국 '서울로부터의 수기'처럼 얼마나 어색한가?
9788937462399,10,딱히 할 일이 없을 때 언제나 후회없는 선택은 도스토예프스키의 소설을 읽는 것. 인간 심리 밑바닥까지 들춰내 인간에 대한 이해를 높인다.
9788937462399,6,누구나 마음 속 깊은 지하엔 그가 산다
9788937462399,8,"은둔자의 자괴와 자기혐오, 타인에 대한 원망,그리고  후회...당신이 너무 여려서그래~짧지만 읽어 내려 가기가 쉽지 않다."
9788937462399,10,믿고 보는 도끼형님!!
9788932910284,10,고전소설 찾고 계시면 도스토예프스키님의 작품은 정말 좋습니다.신기할정도로 재미없는 책이 없어요.여태 한권도 안 읽으신분이시라면 괜히 책부터샀다가 저 욕하지마시고 빌려보시길 바랍니다.
9788932910284,10,"도스토예프스키의 대작 장편들 만큼은 아니지만 재미와 의의를 가진 역작이다. 읽으면서 몇 번이나 현웃이 터졌는지 모른다. 도박에 빠진 지하생활자, 사랑을 외치는 굴욕 중독자, 허위를 고발하며 본인의 신랄함과 현명함을 상찬하는 자아도취자, 작가의 이 모든 면모들이 매력적으로 형상화되어있다."
9788932910284,8,결과를 알 수 없는 도박과 속을 알 수 없는 뽈리나에 대한 사랑 때문에 알렉세이의 삶은 부유하는 나뭇잎 같다. 알렉세이의 마음을 알았을 텐데 뽈리나는 왜 자기 마음을 고백하지 않았을까? 마지막으로 도박 한 판 하고 뽈리나를 만나러 스위스로 향하는 그를 응원해 본다.
9788932910284,8,한 꺼풀이 없는 것 같은. 광인들. 혹은 사실들.
9788932910284,8,소설에서라도 도박에서 돈을 따고 싶었던 도끼 선생님의 울분이 느껴진다
9788932910284,8,한 권한 권 읽을 때마다 빠져드는 도스또예프스키의 매력^^--특히나 여주들의 성격이 참 독특하다
9788932910284,8,도박꾼의 병적 전능감을 잘 그리고 있는 듯.
9788932910284,10,1달만에 이 책을 썼다는 것이 놀라울 뿐이다.
9788932909967,6,후회남주의 원조인듯
9788932909967,10,"필사하고 싶은 글. 푸시킨이 나이를 많이 먹은 노인이었다면, 그래서 통찰력이 가득한 글을 썼다면 얼마나 좋았을까. 이 작품은 젊은 시절의 모차르트 같다."
9788932909967,10,"운문소설은 처음 읽어보는데 글자수가 일반 책의 절반밖에 안 되지만 읽는 시간은 두배 이상이 걸립니다. 주석이나 사전지식 없이는 이해 못하는 구절도 많고, 무엇보다 ‘시‘이기 때문에 자꾸만 멈춰서 곱씹으며 읽게 돼요. 초반에 영 집중 못하고 읽다가 렌스키와의 에피소드부터 빨려들어갔습니다."
9788932909967,10,"푸쉬킨 작품은 처음이다. 책 읽고 영화도 찾아봤다. 랄프 파인즈, 리브 타일러가 나온 2000년 명작이다. 시인 푸시킨의 운문소설 오네긴은 아름다운 작품이다. 인생에 대한 푸시킨의 섬세한 관조가 좋았다."
9788932909967,10,"강도 높게 사용된 방대한 문학적 인용으로 복잡하고 논란의 여지가 많은 소설, 이라는 역자의 설명이 있지만그 방대함이 갖는 멋진 이야기에 한없이 끌렸다.운문 소설 이라는 형식이 주는 맛이 랄까, 시적 느낌이 물씬 묻어나는 사랑 이야기에 푹 빠지게 된다. 무조건... 멋지다."
9788932909967,10,처음 읽은 푸쉬킨의 작품인데 말로만 듣던 푸쉬킨 그 이상이다
9788932909967,10,"러시아의 논어라고 불러도 손색이 없다. 인생의 모든 면목이 드러나는 완결된 삶의 지침서다. 지금 3번재 읽는 중, 읽어도 읽어도 새롭다"
9788932909967,10,"수많은 작가들에 영향을 미친, 러시아가 사랑하는 예술가 푸시킨. 1800년대 초반 작품이 이렇게 신랄히 풍자하고 위트 넘칠 수 있단 말인가? 많은 인용 문구에서 보듯 문학적 소양과 언어유희가 대단하다. '사랑의 엇갈림'은 몇백년이 지나도 유효한 문학의 단골 소재. 맥락 맺고 끊음이 가히 놀랍다."
9788932909967,8,"｀운문소설｀이라는 형태가 재미있었다. 이야기 구조가 단순하고 문장이 다소 난삽하게 느껴지기도 했지만, 1830년에 완성된 작품이라는 것을 생각하면 흥미롭다. 좋은 참고가 됐다."
9788932909967,10,차이코프스키의 오페라를 듣기 전에 미리 읽어야지..
9788932909967,8,환희와 냉소가 촌스럽지 않게 공존한다.
9788932909967,8,소설인줄 알았는데 약간은 시같은 분위기...이해하는게 조금 더 어려울듯....
9788932909431,10,내가 까라마조프 씨네 형제들에서 안타까워하는 유일한 한가지는 2부가 나오지 않았다는것 뿐입니다.
9788932909431,10,말이 필요 없는 까라마조프!
9788932909431,10,"소설을 쓰느라 분투하는 작가의 모습이 그려지지 않는다. 신의 마음으로, 정말 신 들린듯 썼다. 그렇지않으면 어떻게 완전히 다른 성격의 사람들에 대해 내 마음인양 속속들이 묘사할 수 있을까?"
9788932909431,8,양장본인데 같은 책 반양장보다 튼튼하지 못함..ㅠㅠ 잘 찌그러짐..ㅠㅠㅠㅠ 하지만 책은 좋음
9788932909431,10,꼭 읽어야하는 고전. 이 책안에 모든 인간들이 숨쉬고있다
9788932909431,10,"이제 상중하 가 다모였어요!
소장가치 엄청난 책입니다!"
9788932403557,8,"타티아나. 자신의 삶을 결정할 수 있었다면 더 멋진 사람이 되었을텐데. 어리고 순진하던 소녀가 사랑하는 이의 서재에서 그를 이해하게 되고, 어쩔 수 없는 선택일지라도 그 선택에 책임을 지는 어른이 되었다. 과연 행복이란 무엇인가."
9788937460807,10,봄날 아침의 뇌우와도 같은 찰나적이고 비극적인 첫사랑. ‘여인의 사랑...그 독을 두려워해라‘ 자전적 이야기라는 표제작을 읽고 투르게네프의 인생역정을 들여다보면 이 첫사랑이 평생 그에게 어떤 영향을 끼쳤을지 생각하지 않을 수 없다. 농노제폐지에 큰 영향을 주었다는 ‘무무‘는 너무나도 슬프다
9788937460807,10,수록된 짧고 아름답고 서글픈 단편 <무무>만으로도 살 가치가 있다.
9788937460807,10,그 누구보다 행복한 호구일 수 있었던 시절의 이야기
9788937460807,6,고전에는 이유가 있는법!내가 갖고있던 첫사랑 고정적인 이미지를 단숨에 바꿔버림(번역이 아쉬움)
9788937460807,10,"˝어떤 사람들에겐 자기 희생도 감미로운 것이다˝- p.107 ˝내가 소망했던 모든 것 중에서 과연 무엇이 실현되었는가? 그리고 벌써 내 인생에 황혼의 그림자가 밀려오기 시작하는 지금, 한바탕 휘몰아치고 지나간 봄날 아침의 뇌우에 대한 추억보다 더 신선하고 더 소중한 것이 무엇이 있겠는가?˝- p.121"
9788937460807,6,시작은 설레임의 떨림이었으나끝은 두려움의 떨림이었다어른의 시작점
9788937460807,10,"*첫사랑 : 재미있는(!) 사랑이야기로 선택. 어린 시절 내게 넘나 쇼킹했던, 그러면서도 아름다운 기억으로 남아있는 이야기. 다시 읽어도 여전히 재미있고 공감. 이제보니 아버지도 넘나 찡하네.*귀족의 보금자리 : 러시아 소설에서는 이름 익히기가 유독 힘들. 귀족인 여러 등장인물들의 경력까지 줄줄이 나열되어 더 헷갈렸음. 변화가 오는 시절의 귀족들의 다양한 모습을 그린 것인지...져가는 해를 바라보는 슬픈 기분과 새로운 아침이 밝을 것에 대한 희망이 함께 하는 듯. 신소설 같기도 하고 애국심과 민족애도 느껴짐. 슬픈 사랑이야기도 포함되어 있음.*무무 : 너무 슬프고 너무 안타깝고 너무 맴찢...비정한 농노제에 대한 비판이라는데 정말 맘 아프다. 무무~~!!"
9788937460807,10,나의 첫사랑에 대해 생각하게 되네요. 소년은 아름다운 그녀를 보고 사랑의 감정을 느꼈어요. 아름다운 지나이다는 아버지의 사랑이었다. 그것을 바라보는 소년의 마음이 느껴져 가슴이 아팠다. 세번째 단편 무무도 재미있었어요.
9788937460807,10,"초등학교인가 중학교 때 처음 읽었던 책인데 내 마음속에서 항상 최고의 책 1, 2위를 다투는 책이다. 주인공이 한 여자를 짝사랑하는데 그 사랑이 너무 순수하고 지고지순해서 예뻤다. 첫사랑으로 이런 사랑을 받거나 하고 싶다고 생각했는데 불행히도 하는 쪽이었지만 어쨌든 이 책은 좋다."
9788937460807,10,시대를 관통하는 문학적 메시지.
9788937460807,6,"16세 남자의 첫사랑 이야기. 줄거리는 간단하고 감정묘사는 섬세하고 치밀하다. 그러나, 남자이야기라 그런가 러시아의 감성이라 그런가 가슴떨리는 첫사랑이 되새김질되는 않는다."
9788937460807,10,"사랑에 관한 이야기 세 편. 그 안의 환희, 고통, 희망, 절망, 격정, 고요. 사랑이 봄, 여름, 가을, 겨울을 지나갑니다."
9788937460807,10,"<첫사랑>의 떨림과 절망, <귀족의 보금자리>의 엇나간 사랑과 그 쓸쓸함, <무무>의 한 여자와 개(무무)에 대한 벙어리의 슬픈 사랑이야기..."
9788937460807,10,"단편이지만 장편 이상의 충격과 감동과 설레임을 선사한다. 한문장씩 깊어질수록 마음은 떨리기 시작하고, 마지막에 이르면 눈물도 나오지 않을만큼의 가슴앓이를 느끼게 되는 아름답고 치명적인 첫사랑 이야기."
9788937460807,8,"표제작 보다 와 가 인상깊었다.정경, 인물 묘사가 많아 서정적이나 지루한 감이 있다."
9788937460807,10,이반 세르게예비치를 알아가는데 이보다 더한 책은 없을 것 같습니다. 세편의 이야기가 이 작가를 대표해 표현해줄 것 같아 기대됩니다.
9788937460807,8,말이 필요있나요 읽어보시면 아실텐데 고전은 명작
9788937460807,10,좋다..뭔지모르게 끌린다.
9788937460685,10,"그의 말년을 생각하면 안타깝지만, 이 작품들은 참 매력적이다"
9788937460685,8,재치있고 참신하면서도 단순해서 좋다. 누가 고전은 어렵다고 했는가.
9788937460685,10,도스토옙스키보다 고골을 더 사랑하게 될지도~
9788937460685,8,"환상, 망상으로 빛나는 고골, 그리고 스스로도 괴이하다고 본 그의 글"
9788937460685,10,인간의 내면에 내재된 욕망이 인간을 어떻게 파괴하는지 여실히 담고 있다. 또한 우리가 품게 되는 환상이 또다른 욕망을 불러들이고 있다는 사실을 잊는 어리석음을 비웃고 있다. 재미나게 읽었지만 많이 허망하다.
9788937460685,10,고골의 작품들은 아주아주 매력적이다! 이게 몇 세기 전 작품이라는 게 믿어지지 않을 정도!!!
9788937460685,10,"고골의 단편 모음집, 단편집으로는 고골의 소설이 짱이에요"
9788937460685,10,"수록된 단편에서 코, 외투는 필독!  체호프의 단편도 구해서 읽어볼 것을 권합니다."
9788937460685,8,등장인물들이 잘 살아있네요.읽어보세요.
9791164454112,10,학교 다닐때 외투 읽다가 웃으면서 눈물흘렸던 게 생각나네요. 주인공의 간절함이 마치  내 일인 것처럼 느껴졌기 때문이에요.  무엇보다 이 책은 술술 잘 읽히니까 좋네요.. 작가 고골이 100년만 늦게 태어났어도 노벨문학상 각인데..ㅋㅋㅋ
9791128855450,8,홍대화 역자의 번역본과 더불어 읽어볼 만한 번역본. 도스토옙스키의 마음이 느껴진다.
9791128855450,10,"도스토옙스키 탄생 200주년 기념으로 지만지의 <죄와벌> 보급판이다. 번역도 술술 읽히고, 그림도 인상적이고 상당히 괜찮다. 다만 보급판의 경우 다른 출판사의 리커버시리즈(하드커버)들과는 달리 소프트커버라 책의 내구성에 의구심이 들긴 한다. 이후의 책(3권)에서는 하드 커버로 바꼈으면 한다."
9788932920115,2,전자책으로 읽고 있는데 진심 업데이트 좀 해요. 띄어쓰기 오탈자 너무 많아요. 20년에 재쇄 찍었는데 전자책 그 정도면 그냥 버린 거 아닙니까???
9788932920115,10,인간의 이중성을 보고싶다면 이 책을 펼쳐라!
9788954660013,10,"행복한 가정은 모두 고만고만하지만, 불행한 가정은 저마다 나름나름으로 불행하다."
9788954660013,10,예쁘고 아름답고 무겁습니다..! 하지만 리버커 합본판은 그런 맛에 사는거죠ㅋㅋㅋ 책등 디자인이 조금 휑하긴 하지만 전면과 후면이 충분히 커버할만큼 아름다우니까 만족합니다. 외형이 마음에 드는 책을 만나면 어렵게 느껴지던 것도 왠지 가까워지는 것 같아요. 그래서 앞으로의 독서도 기대됩니다
9791189015626,10,"그냥 좋다. 러시아 분위기도, 주인공도."
9791189015626,4,딱히 재미는 없었다. 당시(19세기) 러시아의 생활상이라든가 사회 분위기는 매우 섬세하게 묘사해서 꽤 흥미를 끌었지만 추리 소설로서의 흡입력은 별로.
9791189015626,6,3.5 지원해줘라 북플아 이 책은 3.7점이라고!!!! 러시아 추리소설은 처음인데 러시아 느낌 풀풀 나서 재밌었다. 추천추천!!
9791189015626,10,오늘 책 받아서 단숨에 읽었네요. 러시아와 영국을 넘나들며 좌충우돌 사건을 풀어가는 판도린~멋져요! 영미 추리소설과 달리 뭔가 고전적 품격이 느껴지는 러시아 추리소설~~
9791189015626,10,추리소설 많이 내주세요 ㅎㅎ 미스터리도.. 믿음으로 잘 보겠습니다
9791189015626,10,미스테리물이네요.아작의 선택이니 믿어봅니다.
9788954654241,4,나만 느끼는건가? 이 소설은 왠지 두 사람이 쓴 글을 짜집기 해 놓은 것 같은 느낌이다. 초보자와 감수자의 합작품 같은...
9788954654241,6,"소설 소재 중 최고는 사랑이야기다. 그 담은 전쟁이야기. 닥터지바고는 사랑에 전쟁까지,  정말 흥미 진진하다."
9788954654241,4,어릴때 텔레비전에서 겨울만 되면 여러번 해줬던 영화... 어릴땐 그저 영화니까 막연히 봤었다. 그래서 내용도 잘 모르는데도 왠지 아는 것 같은 느낌?...ㅜ.ㅜ 제대로 읽어보지 못한 고전인데 안봐도 알것같은 느낌때문에 안읽혀지는 책 중에 하나다... 책보다 영화가 더 유명한 케이스랄까...ㅡ.ㅡ
9788954654241,10,전쟁의 소용돌이에서 개인이 어떻게 파괴되고 살아가는지를 낱낱이 보여준 소설! 너무 감격했다.
9788932911212,6,좋은책인데 번역이 아깝습니다. 반말하다 존대하다 자기고백에서 대화체로 왔다갔다 하는데 어투를 하나로 통일하는게 좋을것 같습니다.
9788932911212,8,책만 읽다 바보가 되는 사람 이야기. 좋은 책을 골고루 읽어야한다.
9788932911212,10,도스토예프스키 책을 이것부터 시작했다까마라조프를 읽기에 좋은 선택이었다
9788932911212,8,서늘하다.
9788932911212,8,고독을 즐기는 이에게 추천
9788932911212,10,번역과 상세한 설명이 참 맘에 듭니다.
9788932911212,8,혼자서 인내하고 싶은 사람이겐 이책을 강추합니다. 고독고독해
9788932911212,10,군복무 시절 처음 접한 작품. 처절한 부조리와 그 속에서의 인간 구원의 문제를 다룬 수작. 주인공이 출옥하는 마지막 대목은 의무라는 명목 하에 군대에 묶여 있는 나의 처지와 오버랩되어 실로 감동적이었다.
9788932911212,10,죄와 벌의 프롤로그랄까. 이 책에서 나의 내면을 본다.
9788932911212,10,열린책들 책은...디자인이 정말 예뻐요. 거기에다가 도스토옙스키 작품은 열린책들 판이 번역이 좋다는 소문이 자자해서 구입하게 됐습니다~~
9788932909547,10,1920년에 쓰여진 소련 소설이라고는 상상도 할 수 없을 정도로 내용도 문체도 세련됐다. 함축적이고 정제된 문장들이 시적이다. 이런 명작이 널리 알려지지 않았다는 게 안타까울 뿐
9788932909547,8,"디스토피아문학의 문을 열었고 <멋진 신세계>,<1984>에 영향을 주었다는 소설. 나는 저자의 행적을 보면서 이걸 어떻게 읽어야 하는지 혼란스러웠다."
9788932909547,8,러시아어 원본으로 읽을 능력이 없다는게 한스럽다.
9788932909547,8,이성만이 중시되는 단일제국의 시대. 감정은 질병이다?
9788932909547,10,"올더스 헉슬리, 조지 오웰 함께 읽기"
9788932909547,8,슬픈 결말. 이성으로 똘똘뭉친 주인공의 산만한 글이 인상적이다.
9788932909547,8,디스토피아를 제대로 맛보다.
9788932909547,10,"<1984>, <멋진 신세계>를 탄생시킨 작품. 꼭 읽어보세요"
9788932909547,10,작품이란 말이 무색하지 않은...작품중의 작품
9788932909547,10,그 명성 그대로..
9788932909202,10,어느 관리의 죽음을 읽고 샀다. 마지막 문장을 읽고 이 작가는 천재다. 라고 생각.
9788932909202,8,고전이라는 것을 전제로 할때 흥미로운 작품도 있고..현재의 시각에서 볼때 다소진부하게 느껴지는 작품도 있음
9788932909202,10,잼써요
9788932909202,10,나는 체홉의 시선과 묘사가 좋다. 서정적인 묘사로 섬뜩한 주제를 탁월하게 풀어낸다.
9788932909202,10,"재미 있다. 인간들의 찌질한 면들이 꼬물꼬물 까발려진다. 다들 어쩜 그리 변덕스러운지... 간절히 원하다 갖고 나면 또 다른 걸로 불평불만, 징징징. 캐릭터들이 참 재미 있는데 그중 ‘하나 마나 한 얘기만 하는‘ 인물이 기억난다. ‘6호 병동‘에 나오는 별로 안 중요한 인물인데, 왠지 시선강탈!"
9788932909202,10,체호프는 그의 책을 읽었다고 하면 안된다. 체호프를 읽었다고 해야한다.
9788932909202,8,내가 체홉을 많이  몰랐구나그는 근엄하다기보다는 유머를 즐길 줄 아는  작가다밋밋하고 이게 뭐지 싶은 짧은 이야기인데 읽다보면 빠져든다  그냬나 러시아 이름은 보기에도  소리내보아도 자꾸 웃음이 나온다
9788932909202,10,체호프라는 이름은 들어봤지만 처음 접해본 그의 글들.... 짧은 글들 속에서 느껴지는 세상 속 사람들에 대한 작가의 시선을 조금이나마 느낄 수 있었다.
9788932909202,10,"˝우리는 삶을 있는 그대로 씁니다. 그 이상은 알 바 아닙니다˝.나는 어떻게 되어야 할 삶을 느끼려고 읽었던 것 같다. 고기가 아주 맛있으면 마늘도 쌈도 필요 없는데.버지니아 울프, 헤밍웨이, 레이먼드 카버 등이 그에게서 문학을 배우고 영향을 받았다 고백했다. 그러면 읽으면 되는 것이다."
9788932909202,10,"체호프는 내가 좋아하는 글을 쓴다. 약간 비뚤어진 시선과 날카로운 풍자, 섬짓한 주제의식. 그 말투."
9788932909202,8,짧은 단편속에도 섬세한 작가의 시선이 있었다
9788932909202,8,우리는 순간을 살고 있을 뿐이라는 것을 분명하게 말해준다.
9788932909202,10,"가까이 두어야 할 이름, 체홉."
9788932909202,10,체호프의 단편소설들은 삶이 갑자기 완전히 바뀔 수 있다는 진실을 강렬하게 드러낸다.
9788932909202,8,이미지 만들기
9788932909202,8,"단편 19편이 엮여있다. 삶의 희비와 진실, 또는 불가피함을 소소한 이야기로 풀어나가고 있다. 현대 단편 소설의 기초를 다졌다는 그의 작품들은 현재의 독자에게도 즐거움을 줄 것이다."
9788932909202,10,뭐라 형용할 수 없는 부드럽고 슬픈 광기(결국은 미완인 인생)가 체호프의 세계엔 자욱하다. <개를 데리고 다니는 부인>은 이 세계에서도 매우 눈에 띄는 존재. 그 구성과 심리묘사가 정말 놀랍다. 불확실한 미래를 향하여 막 한걸음을 내딛은 유부남녀커플의 마음이 마치 내 마음인 것마냥 느껴진다.
9788932909202,8,단편적인 일상을 향한 친절하고 따뜻한 그의 입김.
9788932909202,8,"예전에 읽을 땐 몰랐는데 정말 숨소리가 들리는 듯 한 단편들이네요. 저에겐 농담, 검은 수사, 문학 교사, 개를 데리고 다니는 부인...이 특히 좋았습니다. 일년에 한번씩 읽어보면 점점 더 좋아질 것 같아요."
9788932909202,10,"굽은 거울, 애수, 농담, 하찮은 것, 자고싶다, 6호 병동, 문학 교사, 농부들, 개를 데리고 다니는 부인. 진짜 끝내주네요. 굽은 거울은 왠지 포가 생각나고, 농담과, 문학교사는 적절한 유머덕에 웃으며 봤어요."
9788932909202,10,체호프의 단편은 읽는 맛이 있다. 흡입력이 있어요!
9788932909202,10,강추! 독자에게 결론을 강요하지 않으면서 스스로 생각하게 만드는 단편 소설의 황제.
9788932909202,8,단편의 대가라 일컬어 질만합니다
9788937461545,10,진도가 안나갑니다. 노력하겠습니다.
9788937461545,4,진짜 과대평가된 작가가 바로 도스토예프스키다. 시답잖은 이야기를 너무 장황하게 쓰고 있다. 레이몬드 카버가 원고지 50매 정도로 했던 말들을.
9788937461545,8,러시아소설이 그런건가 도스토예프스키가 그런건가인물들이 엄청 격정적이다. 보다가 나도 숨넘어갈듯...그래도 명성답게 흡입력있고 재밌다.초반 등장인물 이름의 압작만 넘긴다면
9788937461545,4,민음사의 카라마조프가의 형제들은 번역이 깔끔하지 못하며 마치 1970년에 번역한 글을 보는 느낌입니다. 차라리 문학동네에서 2018년 4월 30일에 나온 번역이 훨씬 좋습니다. 그래서 저는 문학동네껄로 구입하여 다시 보고있습니다.
9788937461545,10,"의외로 술술 읽혔다. (대심문관 서사시 부분은 어려웠지만..) 1권의 또다른 백미는 수도원 장면이라고 생각하는데, 마치 단막극 한 편을 보는 듯한 느낌으로 정말 재미있게 읽었다."
9788937461545,10,역시나네요. 대작입니다. 세 권 모두 책장에 꽂아두었습니다.
9788937461545,10,이유가 확실한 작품
9788937461545,10,"작품은 ˝신이 있는지, 없는지는 잘 모르겠지만, 아니, 실은 없을 수 도 있지만, 그렇다해도 있다고 가정해야 되는 거 아니냐고. 그래야 우리가 도덕적으로 살지 않겠느냐˝고 얘기한다. 별로 동의하진 않지만. 그것을 형식적으로 흥미롭게 풀어내는 본격 토론모음 소설."
9788937461545,8,"죄와 벌에 비해... 아우 어렵다. 특히 대심문관 서사시 부분. 번역은 그런대로 준수하나  현(縣), ｀...함에 있｀, ｀군(소년을 호칭하는 말)｀ 따위 용어를 보면 일본 것 같은 느낌도 들고(압권은 ｀잠바｀였다). 게다가 오타. 그 많은 책을 찍어내는 민음사에는 과연 편집팀에 몇 사람이나 있는지."
9788937461545,10,유명한 전기작가 츠바이크는 러시아 최고의 문인으로....아니 세계 최고 작가 중 윗자리에 도스토예프스키를 쳐준다.  그간 읽어본 도스토예프스키는 츠바이크가 객관적으로 쓴 글임을 알게 해준다.  카라마조프는 정말로 최고의 책이다.
9788937461545,10,"왜 도스토예프스키가 최고의 문호인지를 알려주는 걸작 중의 걸작!!!
톨스토이도 극찬한 이 작품을 안읽고 죽는다면 참 불행할 거 같아요. ^^"
9788937461545,10,이번에는 스메르자코프를 따라 읽었다.
9788937461545,10,말로 설명할 수 있는 삶의 위선과 왜곡된 구원과 반성들. 말로 설명 할 수 없는 ｀신의 존재｀와 살아 간다는 것에 대한 원죄. 그리고 부것으로 부터의 회기.
9788937461545,10,고전은 민음사가 짱입니다! 카라마조프가의 형제들은 헌책방에서도 세트로 3권을 쉽게 구할 수 없습니다 (더욱이 그것이 새 판일 경우는 정말 찾아보기 힘듭니다) 도스토옙스키 명작은 여기서 마음 편히 사시길!
9788937461545,10,스스로 우리나라에서 책 좀 읽는 부류라고 자신하지만 이 작품을 평가할 능력은 없다. 그냥 닥치고 매년 1월 중에 신년맞이 의식처럼 반복해 읽는다. 김연경 씨가 번역한 민음사 본은 작년 1월에 처음 읽었다
9788937461545,8,열심히 읽어보려 노력중입니다..근데 어렵네요..ㅋㅋ
9788937461545,6,10여쇄가 넘도록 오타를 고치지 않는 이유가 뭘까?
9788937461545,10,이 두꺼운 책을 끼고 있는 것만으로도 행복했던 일주일!
9788937461545,2,번역이 참 개판이네요 민음사라는 출판사에 실망을 하게 되는군요
9788937461545,8,인내심을 가지고 읽은 보람이 있네요
9788937461545,10,3권짜리인데도 꽤 두툼합니다. 거의600페이지에 달하니깐요.내용은 잼있네요
9788937461545,10,토스토예프스키의 인간의 삶에 대한 총체적인 감상을 담아놓았네요. 좋습니다 정말
9788937461545,4,"민음사 자체를 신뢰하기 힘들정도로 책에 오타, 오자 투성이에요."
9788937461545,10,1세기도 더 전에 러시안들은 지금의 American 보다 격조가 있었나보네
9788937461545,8,방대한 분량에 비해 단숨에 익히는 흡인력이 있는 책입니다.
9791189128951,10,도스토예스키의 작품은 초기 중기 말기로 갈수록 점층하는 작문과 사상의 완성도가 있죠. 넘 궁금해요.
9791189128951,10,러시아의대문호 도스토예프스키가 그려낸 인간의 모습과 단편들이 궁금합니다. 한러공동번역 이라는 멋진 프로젝트도 기대됩니다.
9791189128951,10,도스토옙스키의 기이하고도 상상력 넘치는 시와 소설. 한러 공동 번역 프로젝트라 더 기대됩니다.
9791189128951,10,한러공동번역에서 위대한 스승 도스토예프스키를 만나난 행운이!! 기대됩니다
9791189128951,10,한러 수교 30주년 기념  프로젝트! 도스토예프스키어 풍자가 담긴 단편 8작품을 새롭게 번역!
9791189128852,10,생존 작가의 작품이네요. 현재 우리나라에서 교수로 재직중이시라니... 강제이주와 시베리아 유배소설 궁금해요
9791189128852,10,유배지에서 그것도 여성의 이야기가 궁금합니다. ‘유배문학‘이라 생소하지만 궁금합니다.
9791189128852,10,"러시아 신예 작가 구젤 샤밀례브나 야히나의 ‘톨스토이 문학상’ 수상작, 한러 공동 프로젝트라 더 기대됩니다."
9791189128852,10,"1930~46, 강제이주와 2차 세계대전을 배경으로 한 시베리아 유배소설 기대됩니다"
9791189128852,10,한･러 수교 30주년을 기념하는 <5 5> 공동번역 출간 프로젝트! 러시아의 신예 작가 구젤 야히나의 데뷔작이자 구소련을 대표했던 유배문학의 미덕!!
9788937463617,4,냉전시대 CIA 작전명 : 닥터 지바고 노벨상 수상
9788954649001,10,최고의 전쟁소설
9788954649001,10,시대의 큰 이야기와 그 시대를 타고 넘어가는 사람들의 작은 이야기를 잘 엮은 책... 왜 명작인지 이해가 간다.
9788954649001,4,1권 읽는 중인데 머릿 속에 잘 안들어온다. 나는 왜 1800년대 사람이 쓴 소설을 읽고 있는가. 억지로 4권까지 읽어야 하는구나.
9788954649001,2,이거 번역 왜 이 모양이야
9788954649001,10,"내 인생 최고의 작가. 톨스토이. 그를 만나지 않았다면, 전쟁과 평화를 읽지 않았다면 난 작은 인간으로 살아갔을 것이다. 한달간 당신과 이 책으로 만나 웃고 울며 놀라며 깨달으며 행복했다. 다시 만나자."
9788954649001,8,"내 인생 캐릭터 피에르 베주호프를 낳았다는 것만으로도 내 인생 소설. 피에르는 정약용과 동시대 인물인데도 바로 오늘을 살아가는 청춘처럼 생생하게 느껴지고, 그에게 공감하게 된다."
9788954649001,10,"전쟁과 평화~! 무슨 말이 더 필요할까요? 전쟁과 죽음, 새로운 삶의 발견을 그린 일대 서사시적 장편소설!!!"
9788954649001,8,서사보다 역사관이 더 놀랍다. 역사 쓰기에 관심이 있다면 일독을 권함. 역사 소설이기도 하지만 역사학에 대한 글이기도 함.
9788954649001,10,오래 기다렸다. ㅠ 감사히 읽겠습니다.
9788954649001,10,톨스토이 걸작 <전쟁과 평화> 드디어 완간 되었군요! 최고 수준의 번역본이라 의심치 않습니다. 감사합니다.
9788954649001,8,왜 이렇게 오래 걸리셨나요? 제가 한번 (재밌게) 읽어보겠습니다.
9788932912233,10,"좋아요, 역시 고전."
9788932403892,10,"˝즐겁고 낙관적인 미래의 구축은 그것이 벌충하는 모든 슬픔 없이, 그리고 항구적으로 재건설되어야 할 모든 슬픔 없이는 아무 것도 의미하지 않는다.˝ (아르테미 마군)"
9788932403892,10,슬픔은 어느정도 아름답지만 깊어질수록 악이 된다. 너무너무 슬프다.....
9788932403892,10,"슬프다, 아름답다."
9788932403892,10,오랫동안 기다려 왔습니다. 번역 & 출간해 주셔서 감사합니다.
9788932403892,10,드뎌 완료하셨군요. 윤교수님. 축하드려요.
9788901136257,10,안나 카레니나의 번역은 이겁니다!
9788901136257,8,"안나가 브론스키에게 빠지는 과정은 생각보다 간략하게 그려지지만 그녀가 심리적으로 무너져 가는 과정은 무서울 정도로 생생하게 묘사된다. 안나와 브론스키, 카레닌의 관계보다 더 흥미로운 것은 레빈과 키티의 성장과 사랑 이야기. 윤새라 교수의 번역이 깔끔하고 주석도 풍부하다."
9788901136257,6,"엄두가 안나지만, 워낙 유명한 책이어서 읽으려고 시작했는데, 서문을 읽어내려가는데 꼭 이렇게 어렵게 글을 써야 하는지 의문이다. 문체나 내용의 해석, 하다 못해 스포일러는 덤... -ㅅ-안그래도 접근성이 어려운 도서인데 큰맘먹고 시작하려는 사람 더 부담감을 가중시키진 않을까 우려된다."
9788901136257,10,"알쓸신잡 보고 <<안나 카레니나>> 읽어보려는 분들, <<안나 까레니나>>는 이 번역이 가장 좋습니다. 이거 읽으세요. 다 아는 이야기라 하더라도 번역의 문체에 따라 감흥이 완전히 달라지더군요. 작품 자체의 가치에 더해 우리말 공부에도 크게 도움되는 번역이라고 봅니다."
9788901136257,6,잘한 일 때문에 나를 용서하지 마시고 자비를 베풀어 나를 용서 하십시오.
9788901136257,10,민음사 꺼 읽다가 도저히 안 읽혀서 갈아탔더니 훨씬 깔끔하고 잘 읽혔다.
9788901136257,10,"브론스키가 낙마하자 안나가 보여주는 충격과 공포 어린 반응. 누군가를 사랑하는 사람이라면 공통적으로 공감할 수 있는 장면이었다. 그 사람의 안전 유무가 제일 중요하고, 내 안위따윈 상관이 없어지는 순간인 것이다. 다르면서 다 닮아있는 사랑의 모습."
9788901136257,10,필수로 읽어야하는 고전.. 함 도전해보려고 구매했습니다..
9788901136257,10,"아래... 스콧? 뭣 좀 알고 써야하지 않나? 역자가 노어노문학과 출신인데, 영역본을 잡고 번역을? 좀 알아봤으면 저런 글은 쓰지 못했을 텐데..."
9788901136257,2,존베일리 리처드 피비어의 머리말과 서문이 수록된 이번역본! 오프라북클럽에서 추천한 펭귄 영역판을 번역??
9788954616430,2,항재야... 글 공부좀 해라. 진짜 문장력 안습이네... 번역 최악
9788954616430,6,물질은 비물질을 지배한다. 새 외투 하나는 그의 삶을 집어삼켰다.
9788954616430,10,"엄마들과 나누는 독서토론에서 이 책을 함께했다. 외투는 무엇을 말하는가. 삶에서 어떤 외투를 가질 것인가. 나는 누구의, 어떠한 외투로 살아갈 것인가. 외투 하나로 많은 생각과 이야기 나눌 수 있었다. 간결하지만 그만큼 깊이 나누기 좋은 책."
9788954616430,8,마지막 장면의 강렬함.
9788954616430,10,일러스트와 함께하니 마치 동화같았어요. 어른들을 위한 동화.
9788954616430,10,"러시아 문학, 어렵다는 편견을 깨게 해준 책. 일러스트와 함께 읽는 <외투>, 선택은 탁월했다"
9788954616430,10,고골의 최고작이라 손꼽히죠....일러스트까지...이거 찜
9788954614788,10,롤리타 이후 나보코프 안 읽을 거라고 다짐했는데 어쩐지 읽게 되었고 중반 이후부터 나보코프가 잘 쓴다는 걸 인정할 수밖에 없었다. 요새 메타 문학이 대세인 걸까(요새라고 하긴 좀 지났지만)
9788954614788,8,"절반 넘어가면 재미있는데, 절반까지가 힘들다."
9788954614788,10,"어느 날 자기 자신과 똑같이 생긴 사람을 만난 주인공이 그를 이용해 한탕을 노려보다 자기 꾀에 점점 휘말려들어가는 이야기. 그 과정에서 주인공은 자기자신조차 본인의 이야기를 다 모르고 있었다는 점이 밝혀지고, 독자 역시 줄곧 속고 있었다는 점이 드러난다. 결국 이야기는 속임수에 불과하다."
9788954614788,8,"뭐죠, 책 한권 간당간당 잘 읽어놓고 졸아드는 이 아쉬움은? 자의식 강한 허구를 가장한 작가가 용감한 고백인지 도발이 발목도 잡고 방향도 제시를 하지만, 매끄럽지 않은 오르막이 많이 힘듭니다."
9788954614788,8,개인적으로는 <롤리타>보다 흥미롭게 읽었다.
9788954614788,10,롤리타가.진짜 좋아서 이 책도 궁금했어요.
9788954614788,8,추리 소설을 문학의 영역으로 끌어올린 작품. 마지막 책장을 덮을때면 <절망>이라는 제목 앞에 경외감을 느끼게 될 것이다.
9788954614788,10,황홀경!
9788954614788,10,절망.... 많은 것을 생각해 보면서 읽었네요... 좀 어렵지만.. 그래도
9788954614788,10,"아빠가 지켜보는 앞에서 딸을 잃었던 일..가슴이 찢어지는 아픔을 겪으면서, 이런 역경을 종교로 해서 풀어가는 내용이다."
9788954614788,10,"다른 사람에게서 자신의 외모(닮음)를 혼자(오로지 혼자!) 본다는 점부터 일단 섬뜩, 광기에 휩싸인 주인공은 언제나 매력적."
9788954614788,10,"카잔차키스, 챈들러, 하루키와 함께 문장에 마약을 바른 작가입니다."
9788959522316,8,2033이 낫기는하지만 2034역시 괜찮은 작품이다 철학적인 내용도 있고 그 특유의 아포칼립스적 묘사는 역시 최고다 상상만으로 나를 2034년 모스크바 지하철로 데려다놨다. 다만 시점이 3명을 왔다갔다해서 집중에 조금 방해가된거같기도하다.
9788959522316,4,퇴보가 되버린 후속작
9788959522316,8,"러시아어라 이름, 지명 등을 머리에 담는게 힘드네요.^^ 그래도 읽을만한  재미가 있네요."
9788959522316,8,고1아들이 읽고싶다고해서 주문했답니다~직접읽어보질않아서 자세한리뷰를 쓰긴어렵지만 우선 아이가 흥미와재미를 느끼네요~
9788959522316,6,"개인적으로는 전작인 metro2033에 비하면 많이 재미가줄어든것같습니다
이번엔 주인공이바뀌고 시점도 따라서 바뀌게되었는데 2033때는 주인공이 폴리스를찾아가는데
여러상황에서 감정이입이잘되었고 특히많이 출현하는 괴수들 역동적인 재미가많았는데
이번은 상대적으로 심리적묘사가많네요"
9788959522316,10,2033보다 더 흥미있게 진행되는 느낌이다. 멸망 후 세계에 대한 참신한 시각이 좋다.
9788959522316,10,오늘 출간아닌가요 ? 출간이 늦어지네요
9788959522316,10,이번에도 기대하고있습니다
9788955615685,10,"사람이 어떤 내용을 기억할 수 있는 기간은 어느정도일까. 내겐 분명, 단언컨대 아주아주 짧지 싶다. 이 책을 읽었는데도 난 기억하지 못하고 오늘 다시 아주 새롭게 읽었다. 책장에 꽂힌 보르헤스의 바벨의 도서관 시리즈를 오랜만에 찾아 읽으려는 내 계획은 우습게 됐지만 좋은 책을 다시 읽어서 굿"
9788955615685,8,"도스토옙스키의 <악어>, 안드레예프 <라자로>, 톨스토이의 <이반 일리치의 죽음> 3편이 엮여있다. 재미는 악어가, 의미는 라자로가, 무게는 이반 일리치의 죽음에 손을 들 수 있다."
9788955615685,10,매혹적인 단편들.
9788955615685,10,이름 탓이 아니다. 다른 이가 이런 글을 쓸 수 있었다면 더 기뻤을 것이다.
9788955615685,10,"유쾌한 풍자에 즐겁고,  삶과 죽음의 의미를 떠올리며 숙연해진다"
9788955615685,8,보르헤스를 통해 '이반 일리치의 죽음'을 접하게 되어 기쁘다. 다른 두 작품도 훌륭함
9788932911168,8,생각한 것과 달리 끝나버렸지만 강박적 캐릭터의 탄생을 보게된 작품  게다가 프로이트나 융을 읽고싶게 만드는 도끼옹의 소설
9788932911168,10,도스또예프스키의 명작.
9788932911168,6,이제부터 도스토예프스키 특유의 스타일이 나온다
9788932911168,10,재미있게 읽고있는 중입니다. 읽기 전에 줄거리 미리 안알아보고 읽는 중인데. 분신이 진짜 있는건지 정신분열 증상인건지 헛깔리네요.허허허
9788932911168,6,"영문판이라도 봐야겠다고 생각하게 하는, 흐름을 끊는 나쁜 번역. 원작의 언어가 뿐 아니라 작품의 이해가 번역가에게 얼마나 중요한지 깨닫게 한다. 내용은 간결한데 번역을 해석하는게 더 어렵다. 다른 출판사에서 출간해주길.."
9788932911168,6,단순하고 아기자기하게 바뀐 영화와 비교하면 곤란한 작품. 아이디어가 완전히 정리되지 않았다는 느낌이 강합니다. 읽고 난 뒤에도 좀체 인상이 남질 않습니다.
9788932911168,8,나쁘지 않으나 극찬할만한 작품은 아닌 듯 하다는 살짝 교만한 평가를 내려본다...
9788932911168,6,내용 소재 자체는 섬짓하면서 흥미로움. 영화를 보기 위해 먼저 원작을 읽었는데 책 먼저 보고 영화보길 잘했다는 생각이 들었다. 겨우 한번 읽었기 때문에 서너번 더봐야 될것 같다. 근데 다시 읽기 진짜 힘들것 같다.
9788932911168,10,"개정판이라는데 어떨지. 이번에 영화가 나온다고 해서 허겁지겁 샀다. 읽고, 주말에는 영화를 보려고 한다. 장편보다는 단편을 선호하는데 도스토예프스키는 항상 충격을 주어서 기대가 크다."
9788932911168,10,이 책을 원작으로 한 영화 <더블>을 본 뒤 읽으면 더 재밌다. 다소 산만한 도스또예프스끼 특유의 '자의식에 의한 이중적인 담화'에도 맛을 들이면 술술 읽힌다. 도스또예프스키 소설 속 인물들은 너무 매력적이다. 분량도 중편이라 부담없이 작가의 필력에 감탄하며 즐겁게 읽었다.
9788932911168,10,나보코프의 ｀절망｀과 함께 읽으면 좋을 작품.
9788932911168,4,나만 이상한가........?  매끄럽지 않은 번역에 끝까지 읽어 낼 수가없다.
9788932911168,10,영화 블랙스완이 이 소설의 영향을 받았다고 한다.
9788932911168,10,"분신, 도스토예프스끼의 또 다른 자아"
9788932911090,10,지하생활자의 청년기 ㅋㅋㅋ
9788954609043,10,10주 만에 다 읽었다. 휴
9788954609043,10,"사람은 무엇으로 사는가.작은 하나라도 깨달았다 생각했지만, 어느새 다시 되풀이되는 습관 같은 것들에 좌절할지라도, 삶은 계속되겠지. 그리고 그 삶은 지나간 삶과는 또 다른 삶일 것이다."
9788954609043,10,먹먹함이 오래간다.시대를 능가하는 수작이다.
9788954609043,10,"죽음과 탄생, 진실과 허위,  사랑과 증오.  인간 삶의 의미를 선의 법칙에 두고자하는 톨스토이의 도덕관."
9788954609043,10,˝어떻게 하길래 하느님을 기억하고 있다는 거야? 어떻게 하면 영혼을 위해서 사는 거야?˝
9788954609043,10,한치의 티끌도 없이 정말 완벽한 소설~!! 경이로울 따름이다!!
9788954609043,10,한번읽고 모든걸 이해했다면 당신이 바로 천재. 다시읽어본다면 무엇을 보게 될까.
9788901093277,8,"마지막 문장에 주목할 필요가 있습니다. 사망 선고 너머까지 연장되도록 빨라지는 시간과 다 끝났다는데도 이반 일리치가 독백하는 공간, 이 특별한 시공간에서 바로 죽음의 권리가 회복된다고 할 수 있습니다. ㅡ철학자 김진영의 전복적 소설 읽기 중 p.36. ‘이반 일리치의 죽음‘과 엮어읽음."
9788901093277,6,인간이 죽음을 수용하는 5단계(DABDA)를 표현했는데 톨스토이가 말년에 이반 일리치와는 크게 달랐던 자신의 일생을 돌아보며 이 작품을 썼다면 전혀 다른 내용이 되었거나 아예 쓰지 못했을 것 같다는 생각이다. 서문이 좋았다. 요즘은 고차원의 세계와 다중우주를 순간이동하는 여행자가 너무 많아..
9788901093277,10,죽음을 통해 삶을 돌아보게 만든 책
9788901093277,8,기대 너무 많이 했는데 아 별로다 별로야.톨스토이가 말하는 인간기만이나 부조리. 그리고 허무와 죽음.  뭐랄까 .. 고찰이 충격적이지도 않으면서 노골적이라고 해야되나. 톨스토이한테는 어울리지 않는 옷 같은 느낌입니다.
9788901093277,10,내 몸이 죽을 병에 걸린 것 같다고 진지하게 생각할 때마다 이 책이 떠오른다. 아직 젊고 100세 시대라곤 하나 누구나 100세까지 살 수 있는 것은 아니니까... 언제 나에게 닥칠지 모르는 일이다. 우리 모두 시한부 인생이며 항상 죽음을 준비하며 다시는 오지않을 현재를 살아야만 한다. 남을 흉내내지 않은 나만의 삶으로 말이다. 조만간 2회독을 하고 다시 서평을 남기고 싶은 책!
9788901093277,4,기대보다..음...
9788901093277,10,정확히 세 번째 읽을 때 어느정도 이해가 되더군요... 어려운 책입니다. 허나 읽을수록 흥미마저 느끼게 하는 책이에요. 아는만큼 보인다는 말이 정말 맞습니다.
9788901093277,8,산다는 것은 대체로 우울하고 때때로 절망하며 가끔씩 행복한 일이 아닐까?
9788901093277,8,죽음이 스며드는 끔찍한 육체의 고통 속에서도 가장 괴로운 건 결국 외로움.
9788901093277,8,톨스토이는 신처럼 이반 일리치에게 종말을 선고한다. 솔직히 무슨 자격으로?
9788901093277,10,톨스토이의 가장 돋보이는 중편소설.
9788901093277,2,재미 없습니다.
9788901082141,8,나름 임팩트가 있다.
9788901082141,8,"무심한 입을 통해 나는 죽음의 소식을 들었네, 무심히 나는 그 소식을 들었네"
9788901082141,4,"생각보다 깊지 못한, 밍숭맹숭한 감정라인에 인물에게 제대로 이입하지 못했다."
9788901082141,6,아버지에게 첫사랑을 빼앗긴(?) 아들의 심정. 존경심...
9788901082141,6,아들아..여자의 사랑을 두려워 하거라 그 행복..그 독을 두려워해..
9788901082141,10,민음사 첫사랑을 읽고 펭귄의 첫사랑의 번역도 궁금하다..
9788901082141,10,누구나 한번쯤은 앓아 본 첫사랑의 경험을 다시 생각하게 하는 명작입니다.
9788901082141,10,그 유명한 투르게니에프의 작품을 제대로 된 서적으로 소장하고 싶었는데...정말 실망
9788901082141,8,"맑고 청아한 첫 사랑의 이면엔 청춘이라는 이름의, 황홀한 고통이 자리한다."
9788931004069,10,"이렇게 하루가, 우울하고 불쾌한 일이라고는 하나도 없는, 거의 행복하기까지 한 하루가 지나갔다."
9788931004069,10,정치란 국민의 불편을 해소하는 과정이라 생각한다.예나 지금이나 문제는 정치인들로 인해 국민이 더 불편해진다는 역설이다. 작금의 지방선거전은 내게 너무 심한 불편을 유발하고 있다.
9788931004069,10,"<민음사>판과 비교해 보았는데, 이 <문예~>판 번역이 훨씬 매끄럽네요. 옛날의 감동 때문에 다시 읽고 있습니다."
9788931004069,10,조금은 어렵지만 좋은책인것 같습니다.
9788931004069,8,역시나 세계의 명작답습니다 동심으로 돌아갈 것 같은 느낌...
9788937460623,8,읽은 후에 뭔가 더 있을 듯한 아쉬움이 남는 작품들. 고전이다.
9788937460623,8,‘삶이 그대를 속일지라도 슬퍼하거나 노여워하지 마라’그 유명한 싯구에 딱 맞는 이야기들이다. 뭐랄까... 건네지는 이야기들이다.
9788937460623,8,"‘벨킨‘이라는 가상의 저자를 내세워서 이야기하는 삶의 패러독스들. 옛날 이야기 듣는 듯도 하고, 러시아 민화 같기도 했다. 들어본 듯 하지만 여전히 재미있는 이야기들."
9788937460623,6,번역의 중요성을 다시금 깨닫게 된 순간이다. 범우사에서 출간된 뿌쉬낀 산문집을 읽고 같은 내용의 민음사 걸 읽으니 맛이 어딘가로 ‘훅‘  꺼져버린 느낌이다. 정말이지 이토록 멋진 이야기를 이렇게 지루하게 읽을 수도 있다니...
9788937460623,6,"푸시킨 작품 자체는 좋은데, 번역이 영 그러하다. 지금은 쓰지도 않는 말들 투성이. 읽으면서 계속 머릿속으로 현대어로 옮기고 있는 나를 발견 0_0"
9788937460623,8,"푸시킨의 작품은 <대위의 딸>밖에 안 읽어봤는데, 푸수킨 작품으로서 높이 평가받는 작품들이라 언제 읽을지 모르겠지만, 일단 구매해본다. 푸시킨이라니, 기대가 좀 된다."
9788937460623,10,짤막한 글이라 쉽게 읽힙니다. 푸쉬킨을 쉽게 즐길 수 있는 책!
9788937460623,8,고전읽기의 중요성을 다시한번 생각해보았다.
9788937460623,8,신학기 평가책으로 구입했어요.. 러시아 소설답지 않게 흥미로워요 ^^
9788937460623,8,굳!
9788937460623,6,신비한 TV 서프라이즈에 나올 법한 이야기들..
9791190473309,10,"요즘 같은 시기에 읽으면 좋을 책. 인간의 가장 숭고한 감정인 사랑이 세상을 지탱하는 힘이자 근원인 것 같다. 나와 타인, 사회에 대해서 생각해 볼 수 있는 책. 다만, 톨스토이의 개인적 신앙이 깊게 배어있으니 이 점은 감안하여 읽기를"
9791190473309,10,사랑은 쏙 빼고 공동체만 강조해서 도리어 개인이 공동체 안에서 고통만 받을 것이다. 각 개인과 공동체가 어떤 모습을 갖춰야 하는지를 생각해보게 만든다는 점에서 훌륭한 고전인 것 같다.
9788972753339,8,중세 모험기를 빌려온 정치풍자. 시끌벅적 난리법석 끝 뜻밖의 묵직함에 숙연해지고 만다. 두 형제 작가 사이 작품 구상 과정을 소개하는 동생 스트루가츠키 후기도 고마운 선물 같다.
9788972753339,10,처음 작가의 ˝세상이 끝날때까지 아직 10억년˝을 접하고 큰 충격을 받았습니다.영미권SF에 익숙해져 있던 저에게 있어서 처음 접한 러시아 SF는 정말 대단했습니다.무엇보다 작가의 소련체재의 찬미가 아닌 저항 정신을 검열에도 불구하고 꾸준히 작품에 담아내기에 더욱 마음에 드는 작가입니다.!강추
9788972753339,10,기다리고있었습니다.야금야금 아껴읽어야겠어요! 스투르가츠키 형제는 저의 최애 sf작가입니다.계속 번역 부탁드려요.♡
9788972753339,10,현대문학 고마워요.. 스트루가츠키 형제 꺼 계속 번역해주세요...
9788937443794,10,역시 거장. 내가 가장 인정하는 책이다
9788937443794,10,읽다말다 다시 처음부터.. 무한반복하다가 결국 사개월만에 완독... 엄청난 소설이다. 중반부부터는 재밌어서 속도도 잘붙었다...심리 스릴러 치정 인문학 철학 사회 모든 주제가 총망라된 소설... 이래서 거장이구나..
9788937443794,10,"민음사는 또 왜 이런 합본판을 만들어서 유혹하는 거야. 안나 카레니나, 카라마조프가의 형제들.  아, 책장에 꽂아두고 싶다"
9788937443794,10,<<안나 카레니나>>에 이어 구매할 책. 기대된다.
9788937443794,10,결국 또 샀다.
9791186430828,10,"이 책에 담긴 톨스토이의 작품들을 읽고 나서 그동안 몰랐던 작품을 알게 되고, 지금까지 내 이익을 위해 살아온 나 자신을 돌아보는 시간을 가지게 되었습니다. 지금 저처럼 오직 나 자신 만을 생각하며 살아온 사람에게 꼭 추천하는 책입니다.^^"
9788932912370,10,"어느 한 장면 소홀하게 다뤄진 부분이 없다. 첫 글자에서 마지막 글자까지, 신의 경지에 다다른 대가의 눈이 놓친 곳이라고는 한 군데도 없다고 느껴지는 놀라운 소설. 읽을 때마다 밑줄 긋는 부분이 달라진다.앞으로도 몇번이고 읽게 될 것."
9788932912363,10,"와... 러시아문학 번역의 거목이긴 하지만 박형규 역은 집중하기 참 어려웠다. 열린책들 본은 현대소설인 양 몰입해서 읽는 중. 둘 다 여성스런 섬세한 심리묘사는 일품이긴 한데, 이 쪽에 좀 더 점수를 주고 싶다."
9788932912363,10,"3독 내지 4독인데, 이전까지는 오래된 범우사판 세권짜리 안나카레니나로 읽었고(이 번역도 괜찮다는 평) 이번에는 전자책으로 2018년 출간된 열린책들판. 레빈에 톨스토이를 대입해서 보자니 사생활과 겹치는 부분도 제법 많은듯. 조연급 등장인물들까지 아우르는 섬세한 심리묘사는 가히 신의 솜씨."
9788932912363,8,재밌다... 참...
9788954650991,10,드디어 완독했다. 3권은 진행이 빠르다. 결말이 다소 아쉬운감은 있다. 역시 카라마조프가의 DNA가 섞인 스메르쟈코프 답다. 뭔가 일을 저지를줄 알았다. 그런데 자살하면서 무슨 생각을 했을까? 이반이 고발할까봐? 그리고 그 훔친돈을 다시 유심히 쳐다본 이유는? 그것이 궁금했다.
9788954650991,10,"교보에서 1권, 동네서점에서 2권, 알라딘에서 3권 샀는데 알라딘이 제일 깨끗해요 ㅠㅠ 갓 세상에 나온듯 구김없는 표지...(책 표지가 잘 구겨지거든요) 내용은 이미 알고있지요! 2권 후반~3권 꿀잼!"
9788954650977,10,말빨에 훅 빨려들어가는 책이었다. 100년전 소설가의 썰풀이에 홀려서 정신줄 놓고 읽게 됐다. 조시마 장로가 민중을 위로하는 부분과 전설의 대 심문관 파트에서 거의 무릎을 꿇을뻔 했다. 2권 3권을 빨리 읽고 싶어진다.
9788954650977,10,‘카라마조프가의 형제들‘(1권)은 긴 이야기의 서곡이라는 생각을 하게 된다. 가장인 표도르 파블로비치 카라마조프를 비롯해서 그의 세 아들의 인성을 확인하는 시간이 된다.
9788954650977,10,번역가이신 김희숙님께 경의를 표함.
9788954650977,10,"이제 문학동네에서도 도스토예프스키가 나오는군요. 바로 얼마전에 민음사판으로 구매하였는데 아쉽네요.. 새로운 번역에 대한 기대도 되고, 사라져버린 문학동네의 양장본이 이럴땐 아쉽습니다."
9788954650977,10,"기존의 책과 번역이 다르다고 해서 처음에는 갸웃,했으나 번역을 비교해보고 깜짝 놀랐다. 마치 현대소설처럼 읽힌다."
9791186877623,6,"책 표지에 책날개가 없네요.. 책날개가 없는 줄 알았다면 안 샀을 텐데.... 책 값을 좀 올리고 대신에 책의 겉표지를 튼튼하게 실용적으로 할 수는 없었을까요?... 그리고 책의 겉표지에 볼펜으로 낙서가 돼 있구,,이런 책을 파는 알라딘 참 대단합니다.."
9788954648936,6,"평이한 결말이다. 에필로그 1부는 불필요하게 길었고 에필로그 2부 역사학 논문이다. 전반적으로야 훌륭하긴 하지만, 끝이 기대보다는 그리 훌륭하진 않았다."
9788954648936,10,"번역자님의 노고에 진심으로 존경의 박수를 보내드립니다. 어떤 구절, 어떤 문장도 알쏭달쏭한 적 없이 정말 잘 읽었습니다. 거대한 톨스토이의 숲, 드디어 헤치고나온 끝에 겪은 이 우주적 감흥은.. 알맞은 표현불가입니다.ㅜ"
9788954642576,8,"톨스토이, 전쟁과 평화, 고전, 걸작, 명작. 볼드모트처럼 그 이름의 무게에 눌려서 읽기를 두려워 마라. 모든 전쟁은 본질적으로 같다. 미드 ‘밴드 오브 브라더스‘를 좋아했다면 소설 ‘전쟁과 평화‘를 재미있게 읽을 수 있다. 드라마로는 잘 알 수 없었던 인물 속마음을 ‘읽을‘ 수 있다."
9788954642576,10,"BBC에서 만든 전쟁과 평화를 보고, 책을 더 읽고 싶어졌어요."
9788954642576,10,"이 세상의 모든 책은 인간사를 이야기 하고, 그 모든 인간사는 ‘전쟁과 평화‘ 속에 녹아들어 있다."
9788954642576,6,중고로 범우사판 샀는데 이것도 4권짜리니 ...첫페이지비교해보니 약간씩 다듬었고 각주로 설명하는게 다르다면 다르네요...
9788954642576,10,"출판사에 들어가보니 총 4권으로 나온다고 합니다. 그리고 2~4권도 일정한 간격을 두고 출간된다고 하는데, 그 ｀일정한 간격｀이 어느 정도인지는 모르겠네요. 아무튼 기대가 됩니다. 어서 완간이 되기만 기다리렵니다."
9788954642576,10,드디어 나왔네요! 광활한 대지 위에 펼쳐지는 역사. 그 안에서 살아가는 사람들. 말이 필요없는 대작의 훌륭한 번역을 기대합니다.
9788954642576,10,이제야말로 제대로 읽어보고 싶다! 번역도 좋을 것 같음!
9788954640350,10,"이제까지 몇 번이고 출간되어왔던 작품이라, 이번에 새로 출간되는 이것의 번역이 누구인가 했는데 로쟈선생님이었군요! 구매하지 않을 길이 없겠네요."
9788954621113,10,"억울한 걸 알지만 규칙이라며 행해지는 횡포들을 보면서 지금 시대도 크게 변하지 않았다. 어쩌면 이 모든 것이 반복되리라. 단지 시대에 따라 상황과 그 모습만 바뀔 뿐.누군가는 누군가의 갑일 수 밖에 없고.그 갑이 누군가의 을이 되기도 하고, 금수저는 영원한 금수저인 세상들을 보여줄 뿐"
9788954621113,10,이 작품보다 나은 소설을 찾기는 정말 쉽지 않다. 삶으로 보나 죽음으로 보나.
9788954621113,10,우리에겐 다른 사람을 심판 할 권리가 없다는 생각이 듭니다.
9788992037822,4,전자책의 띄어 쓰기 어쩔 ㅠㅠㅠㅠ읽는데 자꾸 방해 되여..수정하셔서 파일 교환해 주세염 ㅠㅠ
9788932911342,8,2권은 네흘류도프의 내면적 갈등과 깨달음을 그린 1권에 비해 더더욱..전쟁과 평화나 안나 카레니나만 못함이 두드러진다. 문학성 높은 르포르타주에  톨스토이교 복음서를 합친 느낌이랄까..그래도 부활에 별 셋을 주는 건 신성모독이라는 기분이 든단 말이지요..; 안나 카레니나나 다시 읽어야겠다.
9788932911342,6,톨스토이옹이 힘이 빠진게 보인다.마지막은 성경으로 마무리.
9788932911342,8,상편에 비해서는 아쉬움이 많다
9788932911342,8,"내가 지금까지 톨스토이를 읽지 못했던건 번역의 문제였을까, 제대로 정말 이해를 못했기 때문인걸까. 내가 읽은게 제대로 된 톨스토이가 맞을까 를 고민했다. 놀랍도록 술술 흘러가듯이 읽을 수 있었다."
9788932911342,10,인생을 살면서 꼭 읽어봐야할 책이에요~ 초반에 이름외우기힘든것만 넘기면 됩니다!
9788932911335,8,"전쟁과평화 2권을 읽고 빨리 3권을 읽고싶은 마음 가득이건만 아쉽게도 집에 책이 없는 관계로.. 꿩대신 닭이라고 부활을 펼쳤다. (이전에 민음사판으로 읽었는데 이번에는열린책들판 전자책으로)읽기 수월한 번역에 재독인지라 책장은 술술 넘어가지만, 역시 닭은 꿩이 아님을...아..전쟁과평화3권.."
9788932911335,8,1점을 굳이 뺀 이유는 안나 카레니나가 너무나 완벽했기 때문..톨스토이 장편 중 제일 별로지만 그 당시 가장 사랑을 받았던 작품.
9788932911335,10,이유는 모르겠지만 0읽으면서 죄와 벌이 많이 연상됐다
9788932911335,8,굉장히 번역이 편해서 수월하게 읽었다. 그동안 번역때문에 그렇게 포기했던건가 의심이 들만큼 편한 번역이었다. 다른 번역판도 구해 읽어봐야겠다는 의심이 들 정도였다. 소설 자체는 ｀이런 이야기를 이제서야 읽었다니｀라며 과연 깜짝 놀랄만하다.
9788932911335,10,어려서 읽고 다시한번 완역본으로 정독. 사회변혁을 꿈꾸는 톨스토이의 사상이 드러난 위대한 소설이다. ｀무엇을 할 것인가｀를 다시 읽어야겠다.
9788932911335,10,꼭꼭꼭 읽어보아야할 도서! 강추합니다~
9788932911236,8,"치매에 걸려 오락가락하는 늙은 공작과 그의 지위와 재산을 노린 모녀(라고 하기엔 딸은 희생양)의 한바탕 꿈 같은 결혼 소동. 도스토예프스키의 해학이 빛난다. 그의 다른 작품에 비하면 별 넷이지만, 다른 작가들 작품에 비하면 별 다섯. 그나저나 딸 ‘지나‘를 둘러싼 남자들 어쩜 하나같이 찌질한가"
9788932911236,6,도선생의 중기 소설의 특징을 볼 수 있는 작품. 그럭저럭 괜찮음.
9788932911267,10,베르테르와 달리 <백야>의 주인공은 자살하지 않는다. 왜 그런 걸까.
9788932911267,10,눅에게나 인생에서의 백야가 존재한다. 욕망속의 우리는 또 다른 백야를 찾아 헤메다 직그한 행복을 맛보지 못하는지도 모른다.
9788932911267,10,도스토예프스키는 버릴 소설이 없다.
9788932911267,10,죄와벌 까라마조프 백치를 읽고 접하게 되는 도스또예프스끼의 작품 기대된다
9788932911267,10,세계소년소녀교양문학전집! 정성일 감독 데뷔작 카페 느와르 개봉기념 시리즈!!
9788932911243,10,"도스토옙스키의 첫 장편이자 미완의 작품.인간이 가질 수 있는 고통의 총합이 어디까지인지, 그리고 얼마나 깊은지 가늠하기 힘든, 묵직한 아픔을 느끼게 한 소설이었습니다."
9788932911243,4,"간혹 이 저자가 쓴 언어를 직접 읽고 싶은 경우가 있다. 이 책이 그런데, 번역이 참 별로다. 러시아어와 일대일로 우리말을 찾아서 붙인 느낌인데다가 ""했다, 하였다""의 일관성도 없고 무엇보다 ""다르다""라고 해야할 것들을 ""틀리다""고 쓴 곳도 있다. 번역은 사소한 데서 의심이 들면 신뢰할 수 없다."
9788932911243,10,미완성작인줄 알면서도 여성화자로 썼다는 점에 끌려서 읽었다. 이 흥미로운 작품이 미완성이라 안타깝고 소녀에서 십대로 넘어가서까지 어쩜 그리 심리 묘사가 빼어난지 혀를 내두른다. 인간의 이상심리를 이토록 잘 그리는 작가가 또 있을까!
9788932911243,10,"미완성 소설인 걸 알고 읽었지만, 읽는 내내 미완성이 아니었으면 좋겠다싶은 마음이 간절했습니다. 이게 제대로 완성되었다면 도스토옙스키의 또 하나의 걸작이었을텐데요. 물론 현재 상태로도 충분히 좋습니다. 여성 1인칭시점 화자마저도 능숙하게 소화화해내는 대작가의 풍모가 느껴집니다."
9788932911243,10,미완성 작품에 끌리는 이유는 뭘까?
9788932911243,8,환상은 현실을 잠식한다.
9788932911144,10,이책을 산다.
9788932911144,6,읽으면 화딱지나는 소설. 도선생의 중기 작품을 감상해보고 싶다면 추천.
9788936471828,10,"뿌쉬낀, 똘스또이, 체호프, 고리끼, 고골 등, 19~20세기 초 러시아 대표작가들의 단편을 볼 수 있다. 명확한 사건과 쉬운 이야기 전개, 그리고 다소 교훈적인 결말이나 주재. 볼 만하다."
9788936471828,10,화려한 사건 대신 강렬한 일상이 있는 단편들.
9788936471828,8,러시아의 독특한 전통만 보인다..흐름은 잘 봐야할듯..잘안보여
9788932909929,6,‘거장과 마르가리따‘ 상편을 읽으며 편견이 깨졌다. 러시아 작품은 무거울 줄만 알았기 때문이다. 스토리가 통통튀며 어디로 전개될지 상상도 못하겠다. 그러나 문장의 길이와 길고 배치가 오락가락한다. 이 때문에 머리가 지끈거렸다
9788932909615,6,초반부는 아름답기 그지 없었지만 후반부에 자리빠에 대한 사랑이 나오면서 거부감이 들었다. 한 가정의 행복을 지켜주고 싶다는 마음까진 이해가 갔으나왜 갑자기 사랑으로 변했는지 이해가 안 간다. 서정적인 분위기가 볼륜으로 망쳐진 기분이다.
9788932909615,10,"이 작품은 정말 아름답다. 이런 작품을 만나기 위해 나는 문학을 읽는다.  등장인물 가운데 그 누구하나 애정과 연민이 가지 않는 사람이 없으며, 전혀 상관없을 것 같지만 날줄과 씨줄처럼 촘촘히 연결된 여러 개의 이야기들... 인간이, 인생이 무엇인지 책을 덮고도 먹먹한 마음으로 한참 생각한다."
9788932909615,10,"예지게이와 까잔갑의 피보다 진한 우정, 아부딸리쁘 부자간의 눈물겨운 사랑, 자리빠에 대한 예지게이의 가슴 아픈 연정, 그리고 만꾸르뜨가 된 아들을 찾아간 나이만-아나의 애끓는 모정을 생각하니 읽는 내내 마음이 아팠다. 그리고 보란리-부란니 간이역을 막 떠나온 지금, 그들이 몹시 그립다."
9788932909615,10,"알쓸신잡 마지막회에서 무인도에 가져갈 책을 듣고 이 책을 떠올렸다. 1992년 가을 내내 내 눈가를 짓무르게 만든 책, 수십 년이 지난 지금까지도 종종 울컥해져서 지하철에선 절대로 읽을 수 없는 책이다. 이 작가를 매우 좋아해서 국내에 발간된 책들은 거의 모았다. 내 큰 재산이다."
9788932909615,10,"왜 이데올로기의 폭력, 명예의 폭력만 보일까..."
9788932909615,10,아직 이 책을 읽지 않은 분들이 진심으로 부럽다.
9788932909264,8,"중학교 때쯤 재미있게 읽은 기억이 있는 책인데 이번에 석영중 선생님 번역으로 다시 읽으니 처음 읽는 기분이었다. (당연한가?) 다른 러시아 문학작품들과는 사뭇 다른 느낌을 주는 가벼운 필치에, 묘사도 적은 간결하고 빠른 템포의 문체 덕에 어렸을 때도 재미있게 읽을 수 있었겠구나 싶다."
9788932909264,10,"유시민 작가의 책을 통해 접하게 된 고전, 책을 읽는 내내 웃음이 떠나지 않았고 매 순간순간이 눈앞에 묘사되는 듯 해서 읽는 내내 즐거웠다. 단 그 시대적 배경을 알고 읽으니 마냥 즐겁기만 한 소설은 아니더라."
9788932909264,8,"더 넓은 초원에 피어 나는 사랑, 전쟁. ｀에브게니 오네긴｀을 읽고 푸쉬킨을 더 깊이 이해하기 위해 읽었다. 장편 소설보다는 역시 푸쉬킨은 시가 낫다. 다만, 대위을 딸로 인해 그 이후 러시아 산문 문학의 틀을 만드는 계기가 된 작품. 읽고 나서 차라리 안 읽었더라면 좋았을 것이라고 후회는 없다."
9788932909264,8,"｀그의 유일한 장편소설이자 산문 예술의 정점.｀이라는 뒤표지의 문구는 조금 낯간지럽다. 귀여운 소설이랄까. 물론 봉기라는 역사를 기초하고 있지만, 어디까지나 고전적인 사랑이야기다. 가볍게 읽을만하다."
9788932909233,10,닐브로나의 이야기. 어머니들의 자기 정체성 찾기.
9788932909233,4,"이 책 조심해서 읽으세요운동권, 특히 공산혁명을 의식화할 때필독서로 읽히는 책입니다."
9788932909233,8,아름다운 청년 전태일과 노동자의 어머니 이소선 선생이 떠오른다.
9788932909233,10,"체르니예프스끼의 ｀무엇을 할 것인가｀를 읽고 다시 ｀어머니｀를 읽었다. 옭고 그름, 차이가 명백한 세상은 편한 세상이다. 당시에는 부와 가난이 세상을 나누는 기준이었기에. 러시아 그렇다면 현재는 어떻가? 러시아 혁명 때처럼 세상이 명쾌하게 흑백으로 나눌 수 있을까?"
9788932909233,6,10월 항쟁전까지 빨갱이책으로 금서목록에 올려져있던 책. 고리키 후반부 생애의 분별성없는 스탈린 찬양과 관계없이 - 결국 본인이 나중에 후회를 했는지 모르지만 숙청당했다 -  이전 순수한 감정에서 자본주의의 모순과 노동자의 혁명을 말했던 이 작품은 변질한 고리키와 별개로 봐야하지 않을까?
9788932909233,10,모스크바에 가십니까? 네. 따냐한테
9788932909233,10,'사람 사는 세상이 돌아와 너와나의 어깨동무 자유로울 때' 노래가 생각나는 명작이다
9788932909233,10,"대회땜에 샀는데, 대회는 끝났고, 난 언제 이 책을 다 읽을런지... 한 번 읽은 책이라"
9788937462214,10,재밌어서 취업준비에 방해된다
9788937462214,10,"마지막 레빈의  한 단계 성숙해진 의식 변화가, 문득 내가 살아가면서 깨닫고 느끼게 될 중요한 부분임을 자각하게 된다. 그렇게 매 삶의 순간은 내 의지와는 상관없이 일어나고 그 속에서 변화해 가는 것이리라~~오랜만에 긴 호흡이, 인내가 필요한 책을 읽었다. 꽤 괜찮은 시간들이었다."
9788937462214,10,"명확한 해답을 얻기위해 읽는 책이 아니라, 정확한 질문을 하기위해 읽는 책이었다."
9788937462214,4,"엇갈린 애정의 혼선, 복수와 탈출의 해법."
9788937462214,10,"천생의 연분을 선택했지만 그 대가로 아들과 공적활동, 합법적 미래에서 절연됨로써 두 사람이 빨려 들어가는 모욕감, 갈등, 불신, 결국은 절망. 그래도 두 사람은 같은 처지의 다른 이들에 비해서 outperform했다, 처음부터 끝까지! 안나의 마지막 시간에 대한 묘사는 언제 읽어도 가슴 아리는 절창."
9788932403533,8,"이 세계에 실재하는, 아주 소수의 사람들을 위로하려 쓴 글. 《사형장으로의 초대》가 나보코프의 대표작이 아니라는 건 서글프다.나는 이 책의 해설을 읽지 않기로 했다. 그리고 나와 같은 방향으로 이 이야기를 이해하는 사람을 만나고 싶다."
9788932403533,4,이런 글을 끙끙거리며 읽기엔 난 너무 늙었다ㅋ. 환상과 조크로 쌓아올린 우화적인 세계에서 작가의 제스쳐나 행간의 의미를 이해하기 위해 쏟는 시간이 아깝달까.
9788901094243,10,표지보고 구입해요^^
9788901094243,6,생각보단 평탄했던 고전. 쉽게 읽힐 뿐 마음 속에 계속 남는 것은 없는 멜로.
9788901094243,10,펭귄클래식을 통해 만나는 푸시킨의 대표작.
9788901094243,10,"러시아 작가들의 작품은 어렵기로 유명한데, 이 책은 정말 쉽게, 그리고 즐겁게 읽힙니다. 좋습니다!"
9788901094243,10,동화적인 부분이 있다는 평을 듣는다는 작품 해설이 있지만 러시아 역사의 흐름 속에서의 주인공들의 이야기는 인간적인 면에 촛점이 맞춰져 있습니다. 푸쉬킨의 삶이 평탄치 않은 것이 안타깝긴 하지만.
9788901094243,10,출간 기다리던 작품인데 펭귄 클래식에서 나와서 반갑네요.
9788901094243,10,내용도 재미있고 뒤에 작품해설도 추가 되어있어 유익함.번역도 매끄러워 쉽게읽었음
9788931005301,8,"러시아 문학 번역의 달인, 김학수씨의 역이라 더욱 기대됩니다."
9788931005301,10,체호프의 짧지만 강렬한 단편 소설들..!
9788937461330,8,"이 소설은 픽션과 다큐의 경계에 있다,고 한 역자의 말을 빌리지 않더라도 처음 읽기 시작할 때는 집중이 제대로 되지 않았다. 하지만 그 혼동도 잠시, 뒷 부분으로 갈수록 내가 치프킨이 돼서 도스토예프스키 여정을 따라가게 되었다. 힘들고 외로운 여정속엔 대문호에 대한 저자의 존경심이 있었다."
9788937461330,8,도스트예프스키 도박하려고 돈 가져갈 때는 개자식같기도하고 아내에게 하는 거 보면 귀엽기도 하고 그렇다.
9788937461330,10,수전 손택 <문학은 자유다> 에서 소개되서 읽은 책. 중학교때 <죄와벌>을 읽었는데 이제 도스토옙스키의 다른 책들도 읽어야겠다. 19세기와 20세기가 교차한다.
9788937461330,10,인간 도스토예프스키 탐구
9788937461330,10,"도스토예프스키의 말년. 광기어린 천재, 옆에 없으니까 멋져보이는 건가. 알고보면 답 없다. 이 소설은 그렇더라도 알흠다워요."
9788937461330,6,"당신은 여름이란 낱말에서 무엇을 연상하는가? 그 무더위, 찐득함, 답답함..."
9788937461330,8,좋은 명작은 시대와 시간을 초월하고 많은것을 남긴다
9788937461330,10,고전은 언제나 깊은 감동을 주네요 빠른 배송 저렴한가격 뭘 망설이나요 책읽어보아요
9788937461330,10,그 거장의 또 다른 모습을 읽은 책
9788937461330,10,도스토예프스키의 단편의 일그러진 모습
9788908061712,6,외투는 전에 읽어본 적이 있어 기억을 더듬으며 재밌게 읽었다. 그런데 뒤에 나온 코는 훨씬 재밌는 이야기였다. 어느 날 코가 사라진 사람의 이야기가 이렇게 재밌다니. 말도 안 되는 이야기지만 독자에게 큰 즐거움을 주었다.
9788973810079,8,"너무나 당연한 말이어서 잊고 있었지만, 사람은 다른 사람의 관심과 사랑으로 살아간다."
9788973810079,8,러시아의 신은 백치다. 자기를 버리려면 백치가 아니고서야 힘들다는 얘기일지도
9788973810079,10,중학교 수행평가 목록인데 생각을 하게 하는 좋은 책입니다
9791190631143,10,감동 실화네요~
9791190631143,10,전쟁과 혁명 속에서 살이 에이는 고통이 느껴진다. 그 고통을 담담히 말한다. 정말 최근에 읽은 소설 중 가장 선명한 기억으로 남을 작품이다. 작가에게 감사 인사 드린다.
9791190669344,10,고급 벨벳 양장본!! 도스토옙스키의 사상의 진수를 만나다!
9791190669344,10,카라마조프가의 형제들을 최신 원전 완역본으로 만나볼 수 있는 기회! 멋진 표지는 소장가치 100!!
9791190669344,10,시대에 맞춰 옷을 갈아입는 고전은 소장하고 싶어요. 번역 느낌도 다르고..너무 기대됩니다~~
9791190669344,10,고전 작품 중에서도 많은 작가나 독자들이 최고의 문학 작품으로 손꼽는 도스토예프스키의 카라마조프가의 형제들  완독하고 싶습니다. 완성도  높은 러시아 문학의 백미를 느껴보고 싶네요
9791190669344,10,대문호 도스토옙스키의 인간에 대한 철학적 통찰이 남긴 역작!그 진수를 느껴보고싶어요~고품격 양장본으로 대대손손 이어질 책이네요~
9791190669344,10,고급스런 표지입니다.정말 소장각이네요.  완역판 기대됩니다
9791190669344,10,도스토옙스키의 최고작품 다시 읽는 완역본 기대가 됩니다.
9791190669344,10,코너스톤은 역시 책을 너무 이쁘게 만들어요!! 최신 완역본 구하기 힘든 최신 완역본!! 너무 기대됩니다!! 필수소장각!!!! 2021년을 도스토옙스키와 함께!! 코너스톤과 함께!!
9791190669344,10,고급스러운 양장본. 고전문학. 소장가치있는 고전소설.
9791190669344,10,도스트예프스키의 <카라마조프가의 형제들> 벨벳 코팅의 양장본이라니... 기대됩니다
9791190669344,10,도스토예프스키의 가장 뛰어난 소설!! 140주년 기념으로 원전 완역본에 벨벳코팅에 고급스러운 박 인쇄까지 소장굿!!  기대가되네요.
9791190669344,10,"고급스런 벨벳코팅에 박인쇄, 거기다 최신 원전 완역본이니 당장 읽어야할 책입니다. 집콕도서로 소장해야 할 책~! 기대됩니다."
9791190669344,10,몇번을 읽어도 다시 또 만나고 싶은 책!! 새롭게 단장한 모습이 너무 끌리네요
9791128853364,10,"지금까지 이런 수용소 문학은 없었다! 수용소에 갇힌 자의 관점이 아닌 교도관의 눈으로 본 수용소 풍경. 잔혹한 범죄자들의 모습이 아닌, 어쩌면 너무나 평범한 그들의 삶의 기록. 도블라토프 특유의 심드렁한 유머가 빛나면서 종종 체제 비판적 시선도 날카롭다. 그리고 여전히 연민어린 그의 시선!"
9791160261493,8,"괴테가 아닌 투르게네프의 <파우스트>! 서정적이고 아름다운 문체로 써내려간 사랑, 욕망, 종교에 관한 세 가지 중단편. 자연과 인간 심리 묘사에서의 섬세함은 투르게네프가 러시아 작가 중 단연 으뜸인 것 같다."
9791160261493,10,문득 괴테의 파우스트 속 그레트헨과 젊은 베르테르의 슬픔 속 롯데와 푸시킨의 오네긴 속 타티아나와 라파예트 부인의 클레브 공작부인 속 샤르트르와 벨라가 겹쳐졌다. 소설을 알기 전과 알고 난 후의 삶은 완전히 달랐다.
9788954650984,10,드디어 미챠가 ..미쳐 돌아간다. 도스토엡스키 작품에 등장하는 인물들의 특색은...평범한 사람들이 드물다는 것...하긴 평범한 사람들에게서 무슨 이야기거리가 나오겠냐마는...
9788954650984,10,"과거의 슬픔은 인생의 위대한 신비에 의해 점차 고요하고 감동적인 기쁨으로 변해가는 법입니다. 젊음의 끓는 피 대신, 온유하고 명징한 노년이 찾아오지요. (28쪽)"
9788954650984,10,미친 전개... 어떻게 되는겨...
9788954650717,10,톨스토이. 그의 유작. 그 자체로 의미 있다.
9788954650717,4,표지의 진지한 얼굴만큼이나 심각하게 재미가 없다. 한물갔다는 얘기를 듣지 않으려면 예술가는 정말이지 정신 똑바로 차리고 살아야 한다.
9791128828966,10,아니 이 책이 지만지 시리즈로 다시 나왔구나! 주변에 진짜 강력 추천하고 싶은 작품.
9791185393483,10,인간이 인간답게 살아가는데 바람직한 사회는 어떤 사회인지 고민케 한다.
9788954646154,10,"번역문장도 이토록 아름다울 수 있다니! 피나무,자작나무, 참나무, 은사시나무...로 덮인 중부러시아의 서정적 자연묘사는 압권!! 끝없는 중부러시아의 평원을 아르세니예프와 함께 마차를 타고, 기차를 타고 밤새 달리고 싶다!"
9788954646154,10,"아름답고, 아름답고, 아름다운 책. 아무리 아름다운 책이라도 언젠가는 마지막 장을 덮어야 함을 알듯이, 우리 인생의 아름다운 순간들도 늘 끝이 있음을. 그러기에 삶이란 어딘가 슬픈 빛을 띄고 있음을 이 책은 전한다. 부닌이 써내려간 아주 길고도 찬란하게 아름다운 한편의 서정시."
9791159034398,10,역시 풍자소설의 대가인 고골리 답네요... 우리나라에 김유정이 있다면 러시아에는 고골이 있다는 말처럼 외투와 코 단편소설들 너무 재미있게 잘 읽었습니다...
9791160270167,6,"아주 재밌지도 그렇다고 정말 재미없지도 않았다. 카테리나는 좀 실망스러웠고,「쌈닭」의 돔나는 맘에 들었지만 사실 돔나에 관한 이야기라기보다는 레카니다에 관한 이야기니... 나쁘지는 않았지만 이 작가를 또 읽을 것 같지는 않다."
9791160270167,8,"작가가 현실 속 여인들에 대한 꼼꼼한 관찰을 토대로 생동감 있고 입체적인 여성 캐릭터들을 만들어낸 것이 보인다. ‘러시아의 맥베스 부인‘은 영화 쪽 결말이 더 강렬하고 통쾌하게 느껴졌지만, 원작 속 결말도 그녀다웠다고 생각한다. ‘쌈닭‘은 시장 아주머니의 수다처럼 현실감이 느껴진다."
9791160270167,8,"미워할 수 없는 두 여인을 생생하게 만나게 해 준 레스코프다. 이야기를 읽는 게 아니라 듣는 느낌이 드는 이유, 살아 있는 구어체를 재현한다는 ‘스카즈’(276) 기법(과 번역) 덕인가 보다."
9791160270167,10,그 시대에 이렇게 여성에 대해 쓸 수 있었다니-안나 카레니나를 쓴 톨스토이가 도스토옙스키를 후려치며(?) 칭송한 이유를 알 수 있는 작품.
9791160270167,10,"러시아문학 번역 중, 잘 알려지지 않은 베스트이다. 번역이라는 것이 느껴지지도 않을 정도로 잘 옮겨진 멋진 텍스트이다. 내용이 흥미진진한 것이야 덤일 뿐이다."
9788932918075,10,"횡설수설, 쓸데없는 말, 난데없이 등장하는 권총. 소설로의 이성적 논리는 내팽개치고 열광적 광기로 써내려간 글이다. 로쟈는 끝까지 양심의 가책이나 반성이 없다. 결말은, 로쟈가 소냐를 진정으로 사랑하게 되었다는 것이다. 소냐는 성녀처럼 보인다. 소냐의 사랑이 로쟈를 구원한다."
9788932918068,10,"3부 5장 예심판사 뽀르피리와의 심리 대결 묘사와 3부 6장 주인공 로쟈가 악몽에 빠지는 장면이 압권이다. 사람이 이렇게 글을 쓸 수 있다니, 놀랍다. 도선생은 천재다. 최고다."
9791159033681,8,단편이지만 삶에 대해 깊게 생각해보는 주제들로 구성되어 있어서 좋은 독서가 되었습니다. 톨스토이의 다른 책도 읽어보고 싶네요. ㅎㅎ
9791159033681,6,어른들을 위한 우화.
9791159033681,10,"인생의 의미와 목적에 대해 다시금 생각하게 만드는 책. 학창시절에 읽고 20년만에 다시 읽었는데, 그때의 가슴뭉클한 감동이 밀려온다. 그리스도교적 윤리에 깊은 바탕을 두고 있지만, 신앙이 없는 현대인이 읽어도 잊고 살았던 보편적인 가치에 많은 감동을 느낄 거라고 생각된다."
9791159033681,8,"오늘날 저 싸우고 있는 종교인들도 봤을까기독교인이라면 사랑과 생명, 나눔을 실천하고 사는것이 바탕이 되야할텐데..교훈적이고 좋은 내용이다"
9788936464530,10,"요즘 러시아 대문호들의 소설을 읽는 재미가 솔솔하다.안똔 체호프의 ‘지루한 이야기‘ 외 단편들도 심오하지만재미나게 읽었다. 같은 이야기, 다른 번역가들의 작품을 읽어보는 경험이 꽤 괜찮다. 번역의 중요성을 다시금 깨닫게 된 시간들..."
9788936464530,10,제목이 ˝지루한 이야기˝인데 내용은 전혀 그렇지 않습니다. 신랄하고 애처롭습니다. 왜 체홉을 이렇게 좋아하는지 알겠습니다. 체홉의 단편들을 싹싹 핧아먹고 싶은 생각까지 들게 합니다.
9788936464530,10,"죽음을 앞둔 어느 노교수의 삶과 인생, 그의 가족에 관한 끊임없는 불평불만을 읽고 있노라면, 산다는 것은 결국 이토록 비참하고 쓸쓸한 것인가 서글퍼지면서 가슴이 아려온다. 체호프의 인생에 대한 통찰력이 빛나는 명작. 국내 초역 ‘지루한 이야기‘ 이 한 편만으로 이 책은 살가치가 충분하다."
9788992272674,10,"별로였어요 결말도, 에필로그도...;;"
9788937463372,10,내가 참 좋아하는 솔제니친.
9788937463372,10,"살짝 평이한가 싶어 중간중간 중단할 뻔했는데, 솔제니친의 이름을 믿고 끝까지 읽길 잘했다는 생각이 듭니다. 주인공 올레크가 암 병동에서 나와 다른 인생을 시작하려는 2권의 후반부에 가니 굉장히 격한 마음이 밀려오네요. 작품 해설까지 완벽한 책입니다."
9788937463372,10,마스터피스. 솔제니친. 수용수군도에 이은 명작
9788901203607,6,아무래도 남자 작가라서 그런지 정서의 흐름을 공감하기 힘듭니다. 러시아 문학의 다양한 요소를 접하고 싶은 독자에게는 추천합니다.
9788901181080,10,재미있어요. 상상하지 못한 이야기들이 참 새롭네요.
9788901181080,8,펭귄이라 좋고- 고골이라 재밌고-
9788901181080,10,"표지 색이 알라딘 홈페이지에서 너무 진하게 나온다.책도 무척 가볍고 꽉 차게 편집이 돼있어서 좋았다. 내용은 흠 잡을 거 없고, 번역도 준수했다. 들고다니며 읽기 좋았는데 펭귄의 모든 책의 종이가 이 종이면 좋겠다. 제일 가볍고 눈 편한듯."
9788959523276,8,메트로 시리즈 재밌있게 읽었는데 이런책이 있는줄 몰랐거든요 이번에 사서 재밌게 읽었습니다
9788932404011,8,20세기 사회주의 소설가들이 바닥 민중들을 바라보던 것과는 조금 다른 시선의 러시아 작가의 소설이라 좋네요.
9788931007633,8,"소설의 형식을 빌려 법과 행정, 종교, 사회 개혁에 대해 이야기하는데도 소설로서의 완성도 또한 뛰어나다. 단역 한 명 한 명의 서사와 캐릭터까지도 실제로 살아있는 한 인간의 것처럼 구체적이고 생생하게 구축한다. 네흘류도프와 카추샤의 이야기는 그 이야기들을 묶는 중심축일 뿐."
9788931007633,10,"좋아하는 노래는 여러 다른 가수들을 통해 다양히 들어보고 싶은 것처럼, 좋아하는 소설도 여러 번역본들을 통해 다양히 읽어보고 싶네요. 이번엔 김학수님 번역의 ｀부활｀에 몰입해 봐야겠습니다."
9788932912134,10,"최근 사람의 머리를 이식하는 얘기가 외국 의학계에서 나오고 있다. 나의 머리가 다른 사람의 몸에 붙어 또 다시 삶을 산다면.. 아니면 반대로 사자 머리를 사람 몸에 이식할 날도 올까. 개와 삶의 대한 풍자이면서, 부조리한 세계에 대한 냉청한 예언"
9788932912134,10,"거장과 마르가리타을 읽고 새롭게 알게된 러시아 작가, 기존의 러시아 문학작품과는 사뭇다른 느낌을 주네요"
9788932912134,8,신아사에서 나온 같은 역자의 불가코프 중편선에는 비운의 달걀도 수록.
9788998003036,10,톨스토이 단편집입니다.어렵지않게 사색할 수 있는 책인 것 같아요
9788998003036,10,알라딘 중고서점에서 발견한 보석.˝하나님의 일은 당신이오.˝
9788998003036,10,톨스토이의 짧은 신앙고백이자 하나님에 대한 아름다운 소개
9788998003036,8,"교양서로 추천합니다.
반드시 종교인이 아니더라도 교훈적인 내용이 담겨 있습니다. 저도 무신론자 입니다만, 많은 교훈을 얻었어요."
9788901136271,10,"모두들 8부를 이 소설의 정수라고 하는데, 사실 큰 불행을 겪지않은 대지주가 순전히 자기성찰로 신앙의 도약을 한다는 것은 관념적임."
9788901136271,10,사실 이 책을 읽기도 전에 결말을 알아버렸네요.. ㅠㅠ 하지만 또 다른 재미가 있길..
9788949707488,10,좋습니다.
9788972915041,10,"어느 시인의 죽음..  그들의 만남을 천천히 따라가다 보면, 에세이 속의 파스테르나크가 자신을 만나게 되는 과정에서 나의 삶을 함께 반추하게 된다.."
9788932403717,2,표지가 정말 끔찍한 수준으로 바뀌었네요. 이것뿐만 아니라 괜찮던 표지까지 왜 바꾸었는지 이해가 안 됩니다.
9788932403717,8,"그의 작품은 참 인간적이다. 연민이 두려움이 고민이 있다. 내가 가장 좋아하는 러시아 작가, 완벽하지는 않지만 읽고 있으면 작품에 빠져들게 된다. 200여 쪽 젊은 의사의 무용담을 읽자."
9788932403717,10,걸작! 다른 말이 필요없다!
9788932403717,10,"불가꼬프의 작품, 무조건 반갑습니다!"
9788932911427,10,아버지에 대한 솔직한 고백이 필요하다고 두통이 일만큼 은근하게 괴롭히지만 정작 부끄러운 두려움이 민낯처럼 드러날까봐 문밖에서 갈팡질팡한다. 아버지와 아들의 관계는 벌어져 있는 시간 간격만큼이나 멀었으나 이제는 망자가 되신 이유로해서 그 분 곁으로 다가가기는 더욱 힘들어진걸까? 1862년
9788932911427,6,크로포트킨 자서전에 이 책에 언급이 있길래 읽게 되었습니다.물론 러시아 혁명이라는 사건을 깔고 있지만 저한텐 연애애기 같은데요..... 바자로프의 죽음도 느닷없구요..문학에 정통하진 않지만 왠지 낯서네요...중심플롯이 없고 이야기가 흩어져 있다는 느낌...
9788932911311,10,"도스토예프스키의 중/단편 작품을 모아놓은 소설입니다. 비록 총 3편 밖에 안되지만 그만한 가치가 충분합니다!그중에서도 제목이자 이 책의 타이틀인 ‘악어‘가 특히 대단한데, 극적 상황(풍자적)으로 작가 본인만의 생각을 보여주고 있죠. 도스토예프스키에 대해 더 알고싶은 사람들에게 추천합니다"
9788932911304,10,"인간이란 얼마나 상처 주기 위해 태어난 존재인가, 또 얼마나 상처받기 쉬운 존재인가. 진정한 용서가 과연 존재할 수 있을까? 언뜻 보면 평범한 이야기 속에서도 묵직한 질문을 던지는, 역시 도스토예프스키 작품. 2권을 읽을 땐 울컥 눈물이 조금 났다. 넬리, 이 소녀를 어떻게 잊을지..."
9788932911304,10,역시 도스또예프스끼
9788932911304,10,더이상 미루지말고 빨리 사야지..
9788932911304,8,1권짜리 책을 두권으로 나누다니... 그냥 예전 전집을 다시 출시하는게 낫지 않을까..
9788932911298,10,"책 읽는 게 조금 지루해지거나 흥미가 떨어졌을 때는 어김없이 도스토예프스키 작품을 집어든다. 늘, 첫 문장부터 흥미진진한 이 천재. 이 작품 또한 예외가 아니다. 도 선생 작품은 나에겐 진정한 페이지 터너.  나따샤와 공작 사이의 관계가 예상 밖이라 깜놀. 자, 얼른 2권! 2권"
9788954610957,10,"읽을수록 반하게 되는 플라토노프. 이 작품은 정말 압권이다. 살기 위해 구덩이를 파는데, 그 구덩이는 그야말로 무덤이 되는 현실. 문장 하나하나가 허투루 쓰이지 않았다. 이 세계와 삶에 대한 보셰프의 질문과 그에 따른 절망감이 마음을 울린다. “진실은 결코 망각될 수 없는 법이야”"
9788954610957,10,"서유럽에 오웰이 있었다면, 소련에는 플라토노프가 있었다. 오웰의 소설에 인위적인 세공이 돋보인다면, 플라토노프의 작품에는 현장 그자체의 실감과 육성이 뚜렷하다. 유토피아를 향한 열망이 디스토피아로 굴절되는 와중에도 희망은 오직, 무산자 인민에게 있다는 메시지는 여전히 귀하고 소중하다."
9788954610957,10,19C러시아문학과는완전히다른느낌.정제된문장과노동자유토피아에대한순수한꿈과연민.
9788954610933,6,"장교, 사교, 배신, 사랑, 허세, 결투, 운명 등으로 점철된 전형적인 낭만적 소설로 푸시킨에게 영향을 많이 받은 듯 보인다. 역사나 남성성이 드러나는 게 아니니 낚이지 마시길. 작가는 27세에 사망."
9788954610933,8,"냉소, 이기주의, 염세, 레르몬토프 시대의 차도남 패악질의 기록에 마음이 뜨끔뜨끔하다는 건- 이 그림이 얄짤없이 ‘우리’ 시대 초상이라는 것."
9788932911199,10,"잘 알려지진 않았지만 도스토예프스키의 죄와벌, 까라마조프 형제들에 비견될 만한 역작임. 물론 스케일의 측면에서는 지하로부터의 수기에 더 가깝기는 하지만, 굴욕, 질투, 선망, 공격성 등 심리묘사에 있어 작가의 장기가 유감없이 발휘되는 절대 빼놓을 수 없는 작품임."
9788932911199,10,"누구도 명작이라 치켜세울 작품들은 아니겠지만, 독자가 명작만 읽을 필요도 없는 것이다. 위대한 작가의 발자취를 따라가는 과정에서..."
9788932911083,10,도스또예프스키의 명작! 열린책들로 만나다.
9788932911083,10,도선생의 일기장을 들춰보는 기분. 이상하게 연민의 감정이 드는건..
9788932911083,10,도스또예프스끼의 자전적 소설 미성년 기대된다!
9788959522064,10,"노어본에 있는 마지막 프롤로그가 실리지 않아서 한국판은 허무한 결말. 책 한페이지로 인해 진정한 의미가 전달되지 않았다. 러시아어로 완독 했고, 유쾌한 내용은 아니지만 내용의 발상 전개구성 몰입도 그리고 엔딩의 의미까지 기억에 남는 수작임."
9788959522064,6,지하철에서 살면 어떻게 될지 생생하게 보는 것 이상의 가치는 없는 듯하다
9788959522064,4,번역체가 읽기 힘들만큼 심한데 어째서 이렇게 평가가 좋은지 모르겠다. 잘 때 세 페이지만 읽으면 따로 수면유도제가 필요없다는 점에서 유익하다.
9788959522064,6,닫힌 세계관으로 인한 몰입감은 좋았으나 닫힌 만큼 내용전개가 답답한면도...
9788959522064,8,어디 방송에서 게스트가 재미있다고 해서 구매한책. 초반 읽고 있는중인데 게임 사고 싶게 만듬.ㅋㅋㅋ
9788959522064,8,개인적으로 게임보다 소설이 훨씬 재미나고 현실적임. 처음에는 아르티옴이 저렇게 약했니 싶지만 오히려 저게 현실적인듯!
9788959522064,10,미래를 배경으로 하는 민담이고 그래서 내 취향이었다. 서울 지하철을 배경으로 하는 작품이 나왔으면 좋겠다.
9788959522064,6,창조된 세계관 하나는 흥미진진하다.좀 더 형이하학적이길 바랬는데...아쉽다
9788959522064,4,용두사미. 흥미로운 시작에 반해 중반 이후부터는 집중력이 떨어진다. 후반은 거의 얼렁뚱땅 수준. 기대가 너무 컸던 건지도 모르겠다.
9788959522064,8,유명 게임 원작! 메트로 2033 입니다 게임을 할때는 별로 신경쓰지 않고 봤던 지명 인물을 확실히 알 수 있고 정말 정말 신경쓰지 않던 지명이 모두 러시아 지명이라 좀 읽기 버겁습니다. 아직 다 읽지는 못했지만 (이게 모두 러시아 지명때문에@)
9788959522064,8,주인공 입장에서 정말 재미있게 읽었다..게임 사양은 자비가 없어서 하진 못하지만이런 우울하고 절망적인 세계관은 뭔가 재미있다...다음 시리즈인 2034도 읽어야겠다
9788959522064,6,｀나는 전설이다｀에 비견할만한 결말이 인상적. 하지만 복잡한 모스크바 지하철 노선과 혼란스러운 주인공의 심리는 읽는 속도에 좋지 않은 영향을 준다.
9788959522064,10,단순한 재미라는 재미는 아니지만 재밌다.
9788959522064,8,"속도감이 매우 빠를 줄 알았는데, 생각보다 분위기, 인물, 사건, 배경 묘사 등에 시간을 많이 할애하더군요. 따라서 공포물 같은 느낌보다 확실히 스릴러나 탐험물 느낌이 강하네요"
9788959522064,8,아이가 좋아합니다. 다 읽기도전에 벌써 2034를 기대하네요.
9788959522064,8,소설은 추천합니다. 개인적으로 게임은... 사양때문에 암걸리겠음 - -
9788959522064,10,"러시아소설로의 무게감 그리고 디스토피아세계관 참신한설정
저처럼 세기말적인소설을 좋아하시는 분이라면 추천해주고싶은 작품입니다 게임도 metro 2033과 metro last night도 계발되었으니 꼭 한번 플레이해보시길바랍니다"
9788959522064,10,크으... 이제야 이 책을 샀다는게 후회될 따름입니다.
9788959522064,4,이한권으로최고작가라는데 그정도는아니다 스노우맨처럼 평은거대하나 막상. 내용은재밌고몰입하면서영화보듯이읽었다 2%부족하다.하지만 2034은 볼것이다
9788959522064,10,러시아 에스에프 작품을 만날 수 있다는 것만으로도 행복하다. 지하철 안의 세계관이 참으로 멋지지 않을 수 없는 이 작품은 후속작이 기다리고 있어 더 행복하다!
9788959522064,10,"평소에 장르소설을 좋아하는 친구 추천으로 읽어보았는데, 상당히 재미있게 읽고 있습니다. 게임으로도 있다고 하는데, 여유가 되면 게임도 해보면 좋겠습니다."
9788959522064,10,내가 세기말적인 소설들을 많이 읽어봐왔었지만 러시아에 이런소설이 있을줄은 꿈에도 몰랐다. 세기말적비전을가진 소설을 읽어보고싶은 사람은 반드시 읽어봐야한다. 어느새 러시아 지하철역에 푹 빠질테니까
9788959522064,6,게임 ｀메트로2033｀ 의 스토리를 알수는 있지만 액션까지 바라지는 말것!
9788959522064,8,취향에 맞아서 잘읽었습니다.
9788959522064,8,폐허가 된 역에서 끈질기게 살아가는 인류와 바퀴벌레의 차이점은 대체 무엇일까?
9788959522064,10,굉장히 디스토피아적인 세계관이 잘 드러나고 스토리 또한 흥미진진! 최고!
9788932911052,10,감옥에 대한 글을 이렇게 자세하게 기록한 글이 없다.
9788932911052,2,번역투가 너무 심하군요. 문학적 번역이 아니라 그냥 직역의 느낌이 납니다
9788932911052,8,몇일째 이 책을 읽고있자니.. 암울하고 짜증스럽고 괴롭고 왜 이걸 이렇게 읽고있어야 하나 싶은 자괴감이 든다.. 러시아 문학은 처음이라 .. 등장인물 대부분이 수용소에 수감된 죄수들이다. 캐릭터 개성만큼은 최고 ..-_-;; 전자책이 아니었으면 포기했을것 같다.
9788932911052,10,"표지 뭉크의 그림을 보고 애들은 무섭다고 한다. 이 책도 정말 무서운 책이다. 다소 에피소드 위주로 묘사되고 있지만, 진정 죽음에 가까이 다가간 사람의 기록이다. 러시아를 넘어 전 세계 문학계의 히말라야 산맥인 도스토예프스키를 다시 읽어야 한다는 생각을 해주는 책이다"
9788932911052,10,도스또옙스끼의 경험에 어우러진 상상력의 세계...기대이상 재밌게 읽었다
9788932911052,8,4년간의 감옥 체험.
9788954609029,6,“이북으로 내실 때” 교정교열 좀 제대로 봐주세요. 띄어쓰기 실수가 하도 많아서 집중이 안 돼요... 장르소설 이북도 이렇게 실수 많이 내지는 않아요...
9788954609029,10,2017년 겨울에 이어 두번째 읽기 시작.이 답답한 이야기를 읽는데 왜 가슴이 뻥 뚫리는 기분이 들까.
9788954609029,8,나 이 책 읽었던 것 맞는가. 내 기억 속 안나는 슬픈 사랑을 한 가련한 여인이었는데... 이제 보니 안나와 브론스키의 사랑은 갑갑하다. 오히려 주인공은 레빈이었다.
9788954609029,6,번역이 너무 현란하고 요란하다. 작품 자체도 만만치 않은데 질려서 못 읽겠다.
9788954609029,10,"140년 후의 독자의 마음을 이토록 끌다니, 안나 카레니나 작품의 힘은 대단하다. 대문호 톨스토이의 필력과 백여년 전에도 크게 다를바 없는 남녀 관계의 들뜸과 괴로움이 합쳐진 힘이 아닐까."
9788954609029,6,키티가 어떻게 변했을지 궁금어서 2권을 읽어야지.
9788954609029,10,"문학적 의미는 있으되 지루한 책일 것이라는 선입견으로 손을 대지 않았었는데, 웬걸, 톨스토이 이렇게 재미있는 소설을 쓰는 작가였나. 놀라고 감동했다."
9788954609029,10,책상태 깔끔하고 좋네요~^^
9788954609029,10,행복한 가정은 모두 고만고만하지만 무릇 불행한 가정은 나름나름으로 불행하다.
9788954609029,10,"무슨말이 더 필요할까? 마치 두 손으로 쪼개었을때 속이 꽉찬 석류를 만난 느낌이다. 알갱이 하나하나가 설렘과 흥분, 고통과 구원이 모여 인생을 이야기한다!!"
9788954609029,8,"이성과 감성, 사랑과 광기, 미움과 용서, 삶과 죽음 총망라, 변화무쌍 다차원적 인간과 세계와 인생의 모습. 작가에 대한 경외심!... 못지않은 독자로서의 성취감까지 얻기."
9788954609029,10,사랑에 빠져버린 연인들은 빛이난다. 그러나 이게 다가 아니다.
9788932909356,6,제대로 희곡을 읽어보기는 처음입니다. 희곡집이 안 팔리는 이유를 조금은 알겠네요. 감흥이 떨어지고 부산합니다. 체홉의 경우 희곡은 단편만 못하네요.
9788932909356,10,체홉 진짜 재미있게 쓴다. 킬킬거리며 웃다가 짠해지기도 하고.
9788932909356,8,대표 희곡 선집. 동출판사의 단편 선집 <개를 데리고 다니는 부인>까지 읽는다면 체호프의 작품을 어느 정도 이해할 수 있다고 할 수 있지 않을까. 씁쓸한 웃음과 결말. 배부르게 먹을 수 없는 만찬 같은.
9788932909356,8,희곡은 공연되지 않으면 읽는 맛이 떨어진다고 생각했던 나에게 큰 놀라움을 주었다. 그냥 읽기만해도 희곡은 재미나구나
9788932909691,8,˝그때부터 내 앞에 펼쳐진 것은 왜곡되고 뒤틀린 전락의 길이었다.˝ 전체주의 국가를 살아가는 지식인의 비애에 대한 풍자로도 훌륭하다. 번역도 못지않게 훌륭하다.
9788932909691,6,스릴러 없는 <로스트> 시리즈 1 같다.
9788932909691,10,SF소설이라 해서 여러 신기한 사건들이 계속 일어나는류를 생각했는데 오히려 사건은 단순하고 이를 겪는 등장인물들의 심리적 고뇌를 자세하게 다루었다. 나도 같이 어리둥절 혼란스러워지며 몰입해 읽을 수 있었다. 마지막에 이해한 제목의 의미도 좋았다 ^^ 미스터리해 잼나면서도 심오한 소설
9788932909691,10,러시아 소설이 이리 재미 있다니.
9788932909691,10,"부조리극을 연상시키는 서두. 뭔가 터질 듯한 분위기, 코믹한 인물들의 반응. 그러다 진지한 풍자 내지 체제 비판 정도로 읽히는 마무리. 아니, 어쩌면 진짜 4차원 존재물? 신? 알 수 없는 어떤 막강한 존재들의....? 아무리 열심히 생각해도, 인간의 머리론 역시 한계가 있다는 점에 새삼 공감한다."
9788932909691,8,감시사회 풍자로도 읽히고 연극 같은 분위기가 얼핏 부조리극으로 보이기도 한다. 가벼운 터치로 그리는 심오함이 매력적이다. <노변의 피크닉>처럼.
9788932909691,10,신선하다. 좋다.
9788932909691,8,"배교나 신념이냐, 과학자 버전이랄까"
9788932909691,8,미지의 존재에 굴복할 것인가? 나의 삶을 살 것인가에 대한 고민. 누구나 생각하는 현실과의 타협. 내가 내 삶을 살아 갈 것인가? 라는 고민을 과학소설을 빌려 이야기하고 있다. 챡아 출판된 시대의 역사를 모른다 해도 인간이라 무엇인가라는 문학적 질문을 잘 보여주고 있다.
9788932909691,8,보이지 않는 힘들과 저항력들이 방향을 잃고 유실될 때 그것은 일종의 영원한 시간의 지속과도 같은 희비극이 된다. 공포와 두려움은 내면화의 형식으로 하여 삶을 교란하고 실재를 외면하는 얼굴은 타자의 얼굴 속에서 짝패를 만나게 된다. 소콜로프는 어떻게 영화로 만들었을까?
9788932909691,6,"책 표지가 책 내용을 그대로 말해 주는 듯. 의외성이랄까. 왜, 육체가 아닌 <영혼의 모험>에 관해서 쓴다고 했는지"
9788937462191,10,대가다.... ㅜㅜ
9788937462191,4,1권 읽기 힘겨웠다.. 2권은 더 두껍던데.. 하 ㅠㅠ
9788937462191,10,얼마만에 다시 읽어보는가. 1권 읽는데도 가슴이 벅차오른다.
9788937462191,10,작품이 나에게 얼마나 훌륭하게 읽혔는가를 떠나서 톨스토이가 말하고자 하는 삶의 논쟁거리들을 모두 살펴볼 수 있다는 것이 흥미로웠다.
9788937462191,8,김영하 작가가 추천한 책 오랜만에 꺼내 읽어봐야겠네요
9788937462191,10,민음사보다 문학동네 번역이 자연스럽다. 이 책은 번역이 부자연스러운 부분이 많다.
9788937462191,10,"정말 인간의 나약하고 흔들리기 마음을 한편의 소설속에 완전히 담아내었습니다. 진정한 사랑이 무엇인지, 진정한 순결 내지는 정신적 순결이 어떤 것인지에 대해 고민하시는 분들께는 좋은 책이 될 것입니다. 톨스토이의 후기대표작 부활과는 또 다른 작품성과 예술성까지 구비한 최고의 걸작입니다."
9788937462191,10,안나케레니나 다시한번 읽어보니 또 다른데요.
9788937462191,10,"조만간, 아니 오랜기간 안나가 기억에 남을 것이다. 당분간 그 어떤 책도 내 맘을, 훔처가진 못하리라."
9788937462191,8,용서할 수 없는  본성에 충실했던 여자. 암울한 시대를 살아간 여자의 기구한 운명
9788937462191,10,소장하고싶었던책^^민음사에서발간되서기뻐요
9788937462191,6,책은좋은데.....배송 하루배송보장해놓고 주말다지나서오는건뭥미....?
9788991167483,6,아 진짜 재미없어... 강제로 읽어서 더 재미없었다. 안톤...당신은 대체...
9788993876338,8,"복잡한 심리, 사회와 문화. 어느 것 하나 만만한 것이 없네요. 이렇듯 쉽지 않으면서도 도도히 흐르는, 범죄에서 오는 인간의 새로운 자각. 초인의 오류를 인정하는 순간 아름다워지는 주인공의 모습은 시대를 뛰어넘는 것은 아닐는지."
9788993876338,8,넘 두꺼워서 읽기 거부감이 들었지만 막상 읽어보니 넘 잼있어요~
9788949704135,10,"형제들이라고 불리는 돈강 유역의 카자흐들이 볼셰비키의 적위군, 반혁명파 백군 그리고 지역 민병대로 편이 갈라져 서로 적이 되어 죽이는 비극적 이야기."
9788949704135,10,러시아를 알고싶다면 바로 이 책을 보아야 합니다.
9788949704135,10,"받자마자 책의 두께에 놀랐지만, 감동깊이 잘 읽고 있는 책입니다.
중간에 종이가 겹쳐져서 칼로 잘라주었지만 괜찮습니다."
9788949704135,10,제목만 보고 이끌려 구입한 책 ㅋㅋ
9788937461538,8,"완성되고 60년이 지나서야 러시아에서 출간된 소설. 혁명 직후 진행된 ｀집단화｀에 대한, 그리고 유토피아를 향한 갈망이 디스토피아로 바뀌는 것에 대한 문제를 다루고 있다. <코틀로반> 문학동네, 도 같은 소설."
9788937461538,8,"톨스토이, 도스토예프스키, 체호프등으로 하나의 산맥을 이루고 있는 러시아 문학의 선굵음을 느낄 수 있던 작품. 척박한 자연 환경만큼이나 가혹하고 급변했던 정치환경과 사회제도 속에서 문자그대로 바닥 그 아래 구덩이에 파묻힌 삶의 이야기를 깔깔하고 어두운 터치로 그려내고 있다."
9788949703862,10,톨스토이가 말하는 인생. 대문호의 인생이 담긴 철학이 있어서 좋다
9788949703862,10,거장의 일기를 보고 있으면 의식이 한단계 높아지는것 같다
9788949703862,10,"별 다섯개로는 모자라도 한참 모자라는 강추의 강추..!!  나를 돌아보고, 이웃을 살펴보게 하는 책~"
9788949703862,6,종교적인 내용이 조금 가미된 그런대로
9788949703862,6,인생이란 무엇인가!
9788970133829,10,"단편 하나하나가 어쩜 이렇게도 내 마음을 울리는지! 인간에 대한 연민, 연민, 연민으로 가득한 책. 작지만 이토록 큰 울림을 주는 이야기들이라니. 러시아 작가들은 정말 한 사람 한 사람이 모두 보물 같다.  올해는 플라토노프도 모두 읽어야지."
9788970133829,10,놓쳤다면 두고두고 후회했을 것.
9788970133829,8,잘 받았습니다 책 상태도 좋고 내용도 좋아요~
9788970133829,10,"표제작 <귀향> 포함 5편이 엮여 있다. 연민의 이야기랄까. 내전과 전쟁, 혁명 러시아 속 인민들의 삶이 애처롭다. 작가의 전적상 철도가 소재와 배경으로 많이 나온다. <구덩이> 민음사, 를 보고 싶다."
9788970133829,10,동지. 애수도 물질에서 유래하였습니까. 플라토노프는 사회주의의 어디에서 온 것입니까.
9788970133829,10,"<포투단 강>, 온통 빵과 죽, 물걸레질과 목공, 추운 잠과 공부, 노동 와중에 뭐지, 이 고매한 아름다움은? 어쩜 이렇게 통속적이지 않은 사랑 이야기가!"
9788970133829,10,가독성 면에서 번역이 무척 좋습니다.
9788932013190,10,"‘그는, 9시부터 3시까지, 8시부터 9시까지 자기 방 소파에서 빈둥거릴 수 있다는 사실에 잔잔히 밀려오는 기쁨을 느꼈고, 보고를 할 필요도, 보고서를 작성할 필요도 없이 그저 자유로이 느끼고 생각할 수 있다는 사실에 왠지 뿌듯했다.’ (44쪽)"
9788932013190,10,한가로이 웃프다. 길이길이 남을 캐릭터를 창조 해냈다.
9788932013190,10,"오블로모프가 자못 갑갑하게 느껴지지만, 왜? 라고 슈톨츠에게 반문하는 그에게 우리가 어떤 답도 가지고 있지 않다는 것을 알게 될 무렵 비로소 ｀오블로모프주의｀ 의 비극적인 평화의 의미를 알 수 있을 것이다."
9788932013190,8,"심장이 뛰지는 않지만, 평화롭고 아름다운 오블로모프의 삶. 평화롭고 아름다운 소설."
9788908071049,10,민음사나 문학동네처럼 대형출판사에서 나오지 않았지만 1986년에 초판된 이 번역서가 지금까지 나온다는 것은 이책이 얼마나 좋은 번역이었는지 증명해줍니다.
9788908071049,8,카라마조프는 김학수씨 번역이 갑이라 들었습니다.
